timestamp_utc,work_item_id,source_branch,repo,target_branch,revision,author,comment,event,extended_attributes
2025-12-08 17:09:41.213,,25-5_Release_QA_Testing_AjinkyaG_VPUI,enterprisecompass,25-5_Release_QA_Testing_AjinkyaG,f3f0f50c983f328a53b34b4c3a72718aaae097f8,38211,Resolved merge conflict and added rbac service and download tab code,Pull Request Created,"{""pull_request_number"": 61, ""pull_request_title"": ""Merge : 25-5_Release_QA_Testing_AjinkyaG_VPUI into 25-5_Release_QA_Testing_AjinkyaG""}"
2025-12-08 17:10:31.911,,25-5_Release_QA_Testing_AjinkyaG_VPUI,enterprisecompass,25-5_Release_QA_Testing_AjinkyaG,0744e02da836e3bb7b7696e11147e9486a200f89,38211,Merge : 25-5_Release_QA_Testing_AjinkyaG_VPUI into 25-5_Release_QA_Testing_AjinkyaG,Pull Request Merged,"{""pull_request_number"": 61, ""pull_request_title"": ""Merge : 25-5_Release_QA_Testing_AjinkyaG_VPUI into 25-5_Release_QA_Testing_AjinkyaG""}"
2025-12-08 16:21:18.022,,25-5_Release_QA_Testing_AjinkyaG_Aj,enterprisecompass,25-5_Release_QA_Testing_AjinkyaG,868b01aea7f586bc73a1e239c8871d1537346fe8,Ajinkya Girigosavi,Closes #25,Pull Request Created,"{""pull_request_number"": 60, ""pull_request_title"": ""Program_Name at save and preset_filter""}"
2025-12-08 16:27:38.483,,25-5_Release_QA_Testing_AjinkyaG_Aj,enterprisecompass,25-5_Release_QA_Testing_AjinkyaG,cd6e2fb2bf90563097b45f8519ec20d563978c0b,Ajinkya Girigosavi,Program_Name at save and preset_filter,Pull Request Merged,"{""pull_request_number"": 60, ""pull_request_title"": ""Program_Name at save and preset_filter""}"
2025-12-08 15:21:52.113,,25-5_Release_QA_Testing_AjinkyaG_Rishabh,enterprisecompass,25-5_Release_QA_Testing_AjinkyaG,e84803d12020b0c35c12bc041697857a83774a77,Rishabh Choubey,"Changes under Traditional Approach for Download table API Integration ,Popup on download Click , and Added code for the enhancement , Select Column dropdown all columns should be displayed in an alphabetical order

Closes #25",Pull Request Created,"{""pull_request_number"": 59, ""pull_request_title"": ""Changes under Traditional Approach for Download table API Integration ,Popup...""}"
2025-12-08 15:24:49.013,,25-5_Release_QA_Testing_AjinkyaG_Rishabh,enterprisecompass,25-5_Release_QA_Testing_AjinkyaG,d856692731734577b6c77fcb14dc9dfa59ef5cef,Rishabh Choubey,"Changes under Traditional Approach for Download table API Integration ,Popup...",Pull Request Merged,"{""pull_request_number"": 59, ""pull_request_title"": ""Changes under Traditional Approach for Download table API Integration ,Popup...""}"
2025-12-08 14:12:59.867,,25-5_Release_QA_Testing_AjinkyaG_ShreyasJ,enterprisecompass,25-5_Release_QA_Testing_AjinkyaG,92ca978c170d3f9304e9aaeff63b3b46f532715f,32460,Table color changes and select column issue changes,Pull Request Created,"{""pull_request_number"": 58, ""pull_request_title"": ""25-5_Release_QA_Testing_AjinkyaG_ShreyasJ into 25-5_Release_QA_Testing_AjinkyaG""}"
2025-12-08 14:23:16.456,,25-5_Release_QA_Testing_AjinkyaG_ShreyasJ,enterprisecompass,25-5_Release_QA_Testing_AjinkyaG,4a12773a9f7f0e183b4f707504b70c5b17c8723f,32460,25-5_Release_QA_Testing_AjinkyaG_ShreyasJ into 25-5_Release_QA_Testing_AjinkyaG,Pull Request Merged,"{""pull_request_number"": 58, ""pull_request_title"": ""25-5_Release_QA_Testing_AjinkyaG_ShreyasJ into 25-5_Release_QA_Testing_AjinkyaG""}"
2025-12-08 07:25:38.369,,AjinkyaG_Abishek_Dashboard,enterprisecompass,25-5_Release_QA_Testing_AjinkyaG,8c2fbf85c95ca6f56e6b5af3d8c94f8b9a1de5e9,36729,Dashboard UI,Pull Request Created,"{""pull_request_number"": 57, ""pull_request_title"": ""Dashboard UI""}"
2025-12-08 14:10:51.488,,AjinkyaG_Abishek_Dashboard,enterprisecompass,25-5_Release_QA_Testing_AjinkyaG,d1c1755536d72dce57708651f9a4bee260c1151b,36729,Dashboard UI,Pull Request Merged,"{""pull_request_number"": 57, ""pull_request_title"": ""Dashboard UI""}"
2025-12-08 06:43:47.546,,25-5_Release_QA_Testing_Devanand,enterprisecompass,25-5_Release_QA_Testing,a2542a066d49ad71d2e86905efe61d104b651c39,38695,"Updated Selected column dropdown implementation with M,D,O column logic  and also updated enterprisecompassconfig.properties files",Pull Request Created,"{""pull_request_number"": 56, ""pull_request_title"": ""From 25-5_Release_QA_Testing_Devanand into 25-5_Release_QA_Testing""}"
2025-12-08 06:45:55.229,,25-5_Release_QA_Testing_Devanand,enterprisecompass,25-5_Release_QA_Testing,57cd6a166152a5a7d6e39e42a785c9ab17939514,38695,From 25-5_Release_QA_Testing_Devanand into 25-5_Release_QA_Testing,Pull Request Merged,"{""pull_request_number"": 56, ""pull_request_title"": ""From 25-5_Release_QA_Testing_Devanand into 25-5_Release_QA_Testing""}"
2025-12-05 13:12:45.989,,25-5_Release_QA_Testing_AjinkyaG,enterprisecompass,25-5_Release_QA_Testing,3fb881418c36b6a3796e48eb45bd1c08c105bb86,Shaishav Shah,Closes #25,Pull Request Created,"{""pull_request_number"": 55, ""pull_request_title"": ""Resolve #25 \""5 release qa testing ajinkyag\""""}"
2025-12-08 17:11:57.844,,25-5_Release_QA_Testing_AjinkyaG,enterprisecompass,25-5_Release_QA_Testing,afa7e1fccbf60923c4686ff4b18b44ac97b39ee8,Shaishav Shah,"Resolve #25 ""5 release qa testing ajinkyag""",Pull Request Merged,"{""pull_request_number"": 55, ""pull_request_title"": ""Resolve #25 \""5 release qa testing ajinkyag\""""}"
2025-12-04 12:27:29.484,,25-5_Release_QA_Testing_VP_UI,enterprisecompass,25-5_Release_QA_Testing,452a1623d6e475bbf4e537399410588fe94ca910,38211, Fixed download xls file - data dictionary,Pull Request Created,"{""pull_request_number"": 54, ""pull_request_title"": ""Merge : 25-5_Release_QA_Testing_VP_UI into 25-5_Release_QA_Testing""}"
2025-12-04 08:27:38.726,,25-5_Release_QA_Testing_VP_UI,enterprisecompass,25-5_Release_QA_Testing,fe0de63b35d0e67da28ae201e42a40ac0670a21f,38211,Role base access issue fixed.,Pull Request Created,"{""pull_request_number"": 53, ""pull_request_title"": ""Merge : 25-5_Release_QA_Testing_VP_UI into 25-5_Release_QA_Testing""}"
2025-12-04 09:29:38.440,,25-5_Release_QA_Testing_VP_UI,enterprisecompass,25-5_Release_QA_Testing,652c0a6a204f8a89b2c7134a6ef03555c47e08f9,38211,Merge : 25-5_Release_QA_Testing_VP_UI into 25-5_Release_QA_Testing,Pull Request Merged,"{""pull_request_number"": 53, ""pull_request_title"": ""Merge : 25-5_Release_QA_Testing_VP_UI into 25-5_Release_QA_Testing""}"
2025-12-04 06:45:51.165,,25-5_Release_QA_Testing_Abishek_Dashboard,enterprisecompass,25-5_Release_QA_Testing,65f9420e522a21c82c23bc160ceb67bbf1fefa48,36729,Participant Score Chart API integration,Pull Request Created,"{""pull_request_number"": 52, ""pull_request_title"": ""Participant Score Chart API integration""}"
2025-12-04 06:58:02.933,,25-5_Release_QA_Testing_Abishek_Dashboard,enterprisecompass,25-5_Release_QA_Testing,c027b2d8dab7164ea73ae91d7bd5f9ee9f56b71a,36729,Participant Score Chart API integration,Pull Request Merged,"{""pull_request_number"": 52, ""pull_request_title"": ""Participant Score Chart API integration""}"
2025-12-03 12:34:05.111,,25-5_Release_QA_Testing_Sangamesh,enterprisecompass,25-5_Release_QA_Testing,a310b604ce5947a0d059cff11bcba64d7d5d46d0,38083,"CPEHC-48095 Visuals and Calculations on Dashboard - Program Score, CPEHC-51381 Visuals and Calculations on Dashboard - Compliance By Sub Measure, CPEHC-51387 Visuals and Calculations on Dashboard - Participant Score

Closes #25",Pull Request Created,"{""pull_request_number"": 51, ""pull_request_title"": ""From 25-5_Release_QA_Testing_Sangamesh into 25-5_Release_QA_Testing""}"
2025-12-04 04:39:33.266,,25-5_Release_QA_Testing_Sangamesh,enterprisecompass,25-5_Release_QA_Testing,5f20e01909e3217e3a5527a4eac8b10ef8380338,38083,From 25-5_Release_QA_Testing_Sangamesh into 25-5_Release_QA_Testing,Pull Request Merged,"{""pull_request_number"": 51, ""pull_request_title"": ""From 25-5_Release_QA_Testing_Sangamesh into 25-5_Release_QA_Testing""}"
2025-12-03 11:59:28.287,,25-5_Release_QA_Testing_Devanand,enterprisecompass,25-5_Release_QA_Testing,b30269caba093ca256868e5c8c3425dc689ed57c,38695,"
Fixed UI tabular and download report queries updation, resolved missing column in CSV file generation for download report and JSON filter parsing issues, and added runConfigId parameter to queries.",Pull Request Created,"{""pull_request_number"": 50, ""pull_request_title"": ""25-5_Release_QA_Testing_Devanand into 25-5_Release_QA_Testing""}"
2025-12-03 12:01:12.854,,25-5_Release_QA_Testing_Devanand,enterprisecompass,25-5_Release_QA_Testing,423ecfdc76fc7a1d464ef04ac62dc82fb3775b10,38695,25-5_Release_QA_Testing_Devanand into 25-5_Release_QA_Testing,Pull Request Merged,"{""pull_request_number"": 50, ""pull_request_title"": ""25-5_Release_QA_Testing_Devanand into 25-5_Release_QA_Testing""}"
2025-12-03 11:35:56.688,,25-5_Release_QA_Testing_Abishek_Dashboard,enterprisecompass,25-5_Release_QA_Testing,9e82256685d893d872d5937775c180b307ec0dff,36729,Participant Score Chart API integration,Pull Request Created,"{""pull_request_number"": 49, ""pull_request_title"": ""Participant Score Chart API integration""}"
2025-12-04 04:42:46.723,,25-5_Release_QA_Testing_Abishek_Dashboard,enterprisecompass,25-5_Release_QA_Testing,375934e02cd6f1b64207bfc6ca598c5627c84597,36729,Participant Score Chart API integration,Pull Request Merged,"{""pull_request_number"": 49, ""pull_request_title"": ""Participant Score Chart API integration""}"
2025-12-02 20:46:14.157,,25-5_Release_QA_Testing_Abishek_Dashboard,enterprisecompass,25-5_Release_QA_Testing,85a3acf06c5e36244483510bba8ece5db31b4f12,36729,Dashboard screen UI changes,Pull Request Created,"{""pull_request_number"": 48, ""pull_request_title"": ""Dashboard screen UI changes""}"
2025-12-03 07:14:44.906,,25-5_Release_QA_Testing_Abishek_Dashboard,enterprisecompass,25-5_Release_QA_Testing,9519f576045c11dbb75adc21c375b6602a1138d2,36729,Dashboard screen UI changes,Pull Request Merged,"{""pull_request_number"": 48, ""pull_request_title"": ""Dashboard screen UI changes""}"
2025-12-02 09:04:08.127,,25-5_Release_QA_Testing_VP_UI,enterprisecompass,25-5_Release_QA_Testing,762cea02f7cc07220840a4034e62e031277d4e6c,38211,Download and popup issue fixed.,Pull Request Created,"{""pull_request_number"": 47, ""pull_request_title"": ""Merge : 25-5_Release_QA_Testing_VP_UI into 25-5_Release_QA_Testing""}"
2025-12-02 10:59:20.283,,25-5_Release_QA_Testing_VP_UI,enterprisecompass,25-5_Release_QA_Testing,0c2c8afe565fbe79da85b909fb521d313e457f1a,38211,Merge : 25-5_Release_QA_Testing_VP_UI into 25-5_Release_QA_Testing,Pull Request Merged,"{""pull_request_number"": 47, ""pull_request_title"": ""Merge : 25-5_Release_QA_Testing_VP_UI into 25-5_Release_QA_Testing""}"
2025-12-01 16:18:29.495,,25-5_Release_QA_Testing_Devanand,enterprisecompass,25-5_Release_QA_Testing,75222f7e4709f2eb751c97127c549b099e40399b,38695,"Fix issues related to CPEHC-44004, CPEHC-48076, CPEHC-48084, and CPEHC-48093 and other changes and solve some issues:
- Resolved problems in download report functionality
- Fixed issues in fetching the list of downloads
- Applied necessary changes in controllers, services, and DAO implementations",Pull Request Created,"{""pull_request_number"": 46, ""pull_request_title"": ""25-5_Release_QA_Testing_Devanand into 25-5_Release_QA_Testing""}"
2025-12-02 05:02:58.931,,25-5_Release_QA_Testing_Devanand,enterprisecompass,25-5_Release_QA_Testing,8b05de0b50a9b76915f93495849fa399610bda62,38695,25-5_Release_QA_Testing_Devanand into 25-5_Release_QA_Testing,Pull Request Merged,"{""pull_request_number"": 46, ""pull_request_title"": ""25-5_Release_QA_Testing_Devanand into 25-5_Release_QA_Testing""}"
2025-12-01 15:10:51.916,,25-5_Release_QA_Testing_ShreyasJ,enterprisecompass,25-5_Release_QA_Testing,8407252c51bac02bc650da326d13f0b4442482a8,32460,"Table cell color changes, Table message changes and CSS changes",Pull Request Created,"{""pull_request_number"": 45, ""pull_request_title"": ""Merge:  25-5_Release_QA_Testing_ShreyasJ into 25-5_Release_QA_Testing""}"
2025-12-01 15:12:25.654,,25-5_Release_QA_Testing_ShreyasJ,enterprisecompass,25-5_Release_QA_Testing,08ae2feef758d2b26fad62123ca4aa17ee21a342,32460,Merge:  25-5_Release_QA_Testing_ShreyasJ into 25-5_Release_QA_Testing,Pull Request Merged,"{""pull_request_number"": 45, ""pull_request_title"": ""Merge:  25-5_Release_QA_Testing_ShreyasJ into 25-5_Release_QA_Testing""}"
2025-11-30 16:55:52.937,,25-5_Release_QA_Testing_RCNew,enterprisecompass,25-5_Release_QA_Testing,d69b21ff9b6a73e3c016f3185cfebbd0e003d1ec,Rishabh Choubey,"Code Changes for Filter Collapse , Filter and save preset on Member screen , Download popup , single select search box , header text in table",Pull Request Created,"{""pull_request_number"": 44, ""pull_request_title"": ""Code Changes for Filter Collapse , Filter and save preset on Member screen , Download popup , single select search box , header text in table""}"
2025-12-01 06:29:49.052,,25-5_Release_QA_Testing_RCNew,enterprisecompass,25-5_Release_QA_Testing,872de2c0a0f5b89793ebc46ea8bc3a924f823bbb,Rishabh Choubey,"Code Changes for Filter Collapse , Filter and save preset on Member screen , Download popup , single select search box , header text in table",Pull Request Merged,"{""pull_request_number"": 44, ""pull_request_title"": ""Code Changes for Filter Collapse , Filter and save preset on Member screen , Download popup , single select search box , header text in table""}"
2025-11-28 10:52:13.462,,25-5_Release_QA_Testing_AnkS,enterprisecompass,25-5_Release_QA_Testing,bca0c0d1baedd3aa4722b4a6dc9731022bcafdef,38082,AverageWeighted and gaps,Pull Request Created,"{""pull_request_number"": 43, ""pull_request_title"": ""Dashboard screen apis""}"
2025-11-29 07:01:31.447,,25-5_Release_QA_Testing_AnkS,enterprisecompass,25-5_Release_QA_Testing,9401e12b2cfda5a6da64de1da1b6958286f0527f,38082,Dashboard screen apis,Pull Request Merged,"{""pull_request_number"": 43, ""pull_request_title"": ""Dashboard screen apis""}"
2025-11-28 09:00:41.382,,25-5_Release_QA_Testing_VP_UI,enterprisecompass,25-5_Release_QA_Testing,f84fbec65535f75c1da0f3a907868b00615395ab,38211,"spinner, date, rolebase access added",Pull Request Created,"{""pull_request_number"": 42, ""pull_request_title"": ""Mearge 25-5_Release_QA_Testing_VP_UI into 25-5_Release_QA_Testing""}"
2025-11-29 06:33:55.452,,25-5_Release_QA_Testing_VP_UI,enterprisecompass,25-5_Release_QA_Testing,5fd0301ed712284f19b9eea89a7b82471c2c72b9,38211,Mearge 25-5_Release_QA_Testing_VP_UI into 25-5_Release_QA_Testing,Pull Request Merged,"{""pull_request_number"": 42, ""pull_request_title"": ""Mearge 25-5_Release_QA_Testing_VP_UI into 25-5_Release_QA_Testing""}"
2025-11-28 08:16:45.119,,25-5_Release_QA_Testing_Devanand,enterprisecompass,25-5_Release_QA_Testing,fd35d0a3b88cff1d4ce830d85ccf8dc6df36b428,38695,"## Summary
- disable the AdvanceFilterDAO tests that now fail against the updated DAO implementation
- skip the PrimaryFilterDAO metric test that still asserts the old ProductCategory IN clause
- disable the SelectColumnsService null-arg test

Closes #25",Pull Request Created,"{""pull_request_number"": 41, ""pull_request_title"": ""25-5_Release_QA_Testing_Devanand into 25-5_Release_QA_Testing""}"
2025-11-28 09:33:57.957,,25-5_Release_QA_Testing_Devanand,enterprisecompass,25-5_Release_QA_Testing,3105ab05e925db1c4631f1410780442df2206fee,38695,25-5_Release_QA_Testing_Devanand into 25-5_Release_QA_Testing,Pull Request Merged,"{""pull_request_number"": 41, ""pull_request_title"": ""25-5_Release_QA_Testing_Devanand into 25-5_Release_QA_Testing""}"
2025-11-28 07:11:25.553,,25-5_Release_QA_Testing_Abishek_Dashboard,enterprisecompass,25-5_Release_QA_Testing,ce3cb0a60511e99fc437ed4fc88b7874f671af05,36729,Updated Dashboard screen,Pull Request Created,"{""pull_request_number"": 40, ""pull_request_title"": ""Updated Dashboard screen""}"
2025-11-29 06:31:35.314,,25-5_Release_QA_Testing_Abishek_Dashboard,enterprisecompass,25-5_Release_QA_Testing,054b090b950c31a936cb7556b9b0ebd2cba6bfa7,36729,Updated Dashboard screen,Pull Request Merged,"{""pull_request_number"": 40, ""pull_request_title"": ""Updated Dashboard screen""}"
2025-11-27 15:38:02.606,,25-5_Release_QA_Testing_Devanand,enterprisecompass,25-5_Release_QA_Testing,b9e888d5e81ab7faa3c7a36dfd04da5e78bf4b5b,38695,"CPEHC-44004 UI Columns in Quality Measure Report, CPEHC-48076 UI Columns in Care Network Measure Report, CPEHC-48084 UI Columns in Quality Member Report, CPEHC-48093 UI Columns in Care Network Member Report

Closes #25",Pull Request Created,"{""pull_request_number"": 39, ""pull_request_title"": ""25-5_Release_QA_Testing_Devanand into 25-5_Release_QA_Testing""}"
2025-11-27 18:32:55.412,,25-5_Release_QA_Testing_Devanand,enterprisecompass,25-5_Release_QA_Testing,be16af118f8e5d555c430f5c4b6ba05fb8690be6,38695,25-5_Release_QA_Testing_Devanand into 25-5_Release_QA_Testing,Pull Request Merged,"{""pull_request_number"": 39, ""pull_request_title"": ""25-5_Release_QA_Testing_Devanand into 25-5_Release_QA_Testing""}"
2025-11-27 12:39:40.351,,25-5_Release_QA_Testing_VP_UI,enterprisecompass,25-5_Release_QA_Testing,28a4546d63e70af47ed2edb9239d9033f96a41a4,38211,Modifying column selection parameters on column selector close,Pull Request Created,"{""pull_request_number"": 38, ""pull_request_title"": ""Merge 25-5_Release_QA_Testing_VP_UI into 25-5_Release_QA_Testing""}"
2025-11-27 15:08:39.301,,25-5_Release_QA_Testing_VP_UI,enterprisecompass,25-5_Release_QA_Testing,dd4cee308abfcaf734db983cba1072ebab783dcf,38211,Merge 25-5_Release_QA_Testing_VP_UI into 25-5_Release_QA_Testing,Pull Request Merged,"{""pull_request_number"": 38, ""pull_request_title"": ""Merge 25-5_Release_QA_Testing_VP_UI into 25-5_Release_QA_Testing""}"
2025-11-27 11:05:52.474,,25-5_Release_QA_Testing_VP_UI,enterprisecompass,25-5_Release_QA_Testing,506181333ef20defe09bcb6073e5fbdf260a2b88,38211,Fixed conflict,Pull Request Created,"{""pull_request_number"": 37, ""pull_request_title"": ""Merge 25-5_Release_QA_Testing_VP_UI into 25-5_Release_QA_Testing""}"
2025-11-27 11:16:11.625,,25-5_Release_QA_Testing_VP_UI,enterprisecompass,25-5_Release_QA_Testing,a533472b3ac752748f4c2638558ffe375bedd715,38211,Merge 25-5_Release_QA_Testing_VP_UI into 25-5_Release_QA_Testing,Pull Request Merged,"{""pull_request_number"": 37, ""pull_request_title"": ""Merge 25-5_Release_QA_Testing_VP_UI into 25-5_Release_QA_Testing""}"
2025-11-27 10:41:52.764,,25-5_Release_QA_Testing_VP_UI,enterprisecompass,25-5_Release_QA_Testing,e95392b575831816c8f4357f149adb2d13c385bb,38211,Date format and Pagination fixed on Download Tab,Pull Request Created,"{""pull_request_number"": 36, ""pull_request_title"": ""Merge 25-5_Release_QA_Testing_VP_UI into 25-5_Release_QA_Testing""}"
2025-11-27 10:54:15.155,,25-5_Release_QA_Testing_VP_UI,enterprisecompass,25-5_Release_QA_Testing,3d0f10a6164ee63c38ffe10aea59ad58e1384251,38211,Merge 25-5_Release_QA_Testing_VP_UI into 25-5_Release_QA_Testing,Pull Request Merged,"{""pull_request_number"": 36, ""pull_request_title"": ""Merge 25-5_Release_QA_Testing_VP_UI into 25-5_Release_QA_Testing""}"
2025-11-27 05:51:18.363,,25-5_Release_QA_Testing_ShreyasJ,enterprisecompass,25-5_Release_QA_Testing,08ff96d2444398a712f264e622f8d678b4590b1b,32460,Filter preset fix,Pull Request Created,"{""pull_request_number"": 35, ""pull_request_title"": ""Merge 25-5_Release_QA_Testing_ShreyasJ into 25-5_Release_QA_Testing""}"
2025-11-27 05:54:26.589,,25-5_Release_QA_Testing_ShreyasJ,enterprisecompass,25-5_Release_QA_Testing,2e0b8c156ed81c807545a86adcfa5ea63e7a1557,32460,Merge 25-5_Release_QA_Testing_ShreyasJ into 25-5_Release_QA_Testing,Pull Request Merged,"{""pull_request_number"": 35, ""pull_request_title"": ""Merge 25-5_Release_QA_Testing_ShreyasJ into 25-5_Release_QA_Testing""}"
2025-11-26 12:00:00.689,,25-5_Release_QA_Testing_VP_UI,enterprisecompass,25-5_Release_QA_Testing,4b88d3e8c16dd201648722aeecaa24861a9f1884,38211,Fixed UI issue on download tab,Pull Request Created,"{""pull_request_number"": 34, ""pull_request_title"": ""Merge 25-5_Release_QA_Testing_VP_UI into 25-5_Release_QA_Testing""}"
2025-11-27 10:01:18.805,,25-5_Release_QA_Testing_VP_UI,enterprisecompass,25-5_Release_QA_Testing,57c3bd0b9d8f0aae8d3375cafd3c44ed923bfa5a,38211,Merge 25-5_Release_QA_Testing_VP_UI into 25-5_Release_QA_Testing,Pull Request Merged,"{""pull_request_number"": 34, ""pull_request_title"": ""Merge 25-5_Release_QA_Testing_VP_UI into 25-5_Release_QA_Testing""}"
2025-11-26 11:08:47.849,,25-5_Release_QA_Testing_ShreyasJ,enterprisecompass,25-5_Release_QA_Testing,9c647b866ae04f272b8ab6ac03a60154e73a4a8f,32460,"Filter, Table and cosmatic UI changes",Pull Request Created,"{""pull_request_number"": 33, ""pull_request_title"": ""Merge: 25-5_Release_QA_Testing_ShreyasJ into 25-5_Release_QA_Testing""}"
2025-11-26 11:09:34.234,,25-5_Release_QA_Testing_ShreyasJ,enterprisecompass,25-5_Release_QA_Testing,b4a6df441d5357df15911177912ffa5ac12d43ab,32460,Merge: 25-5_Release_QA_Testing_ShreyasJ into 25-5_Release_QA_Testing,Pull Request Merged,"{""pull_request_number"": 33, ""pull_request_title"": ""Merge: 25-5_Release_QA_Testing_ShreyasJ into 25-5_Release_QA_Testing""}"
2025-11-25 20:07:47.318,,25-5_Release_QA_Testing_Abishek_Dashboard,enterprisecompass,25-5_Release_QA_Testing,91cbc6070a29d0d8c3aa01f7ed4b4d3327f167c6,36729,"This reverts commit 9ea93baa792037d3ee0aa6e505e16cb4629d1bd2.

Closes #25",Pull Request Created,"{""pull_request_number"": 32, ""pull_request_title"": ""Dashboard Changes""}"
2025-11-26 05:04:28.800,,25-5_Release_QA_Testing_Abishek_Dashboard,enterprisecompass,25-5_Release_QA_Testing,7ef0d7bfd56d7f645d432fe6365d69c02ed667d9,36729,Dashboard Changes,Pull Request Merged,"{""pull_request_number"": 32, ""pull_request_title"": ""Dashboard Changes""}"
2025-11-25 12:07:31.859,,25-5_Release_QA_Testing_RCNew,enterprisecompass,25-5_Release_QA_Testing,b4815ecf51e2b239e3f0550478b2e31f09fb18bf,Rishabh Choubey,Latest Code with Table Integration and Resolved merge conflicts,Pull Request Created,"{""pull_request_number"": 31, ""pull_request_title"": ""Latest Code with Table Integration and Resolved merge conflicts""}"
2025-11-25 12:43:05.485,,25-5_Release_QA_Testing_RCNew,enterprisecompass,25-5_Release_QA_Testing,529068d63bd6f3863410c89ef04e1fb27828bc06,Rishabh Choubey,Latest Code with Table Integration and Resolved merge conflicts,Pull Request Merged,"{""pull_request_number"": 31, ""pull_request_title"": ""Latest Code with Table Integration and Resolved merge conflicts""}"
2025-11-25 10:32:21.675,,25-5_Release_QA_Testing_Abishek_Tempbranch,enterprisecompass,25-5_Release_QA_Testing,e791ef96a78d6a3779240ee653e4c228e164c108,36729,UI Build issue fix,Pull Request Created,"{""pull_request_number"": 30, ""pull_request_title"": ""UI Build issue fix""}"
2025-11-25 10:33:45.125,,25-5_Release_QA_Testing_Abishek_Tempbranch,enterprisecompass,25-5_Release_QA_Testing,bf34c383223f86cb5beda54181151cc6377f15bb,36729,UI Build issue fix,Pull Request Merged,"{""pull_request_number"": 30, ""pull_request_title"": ""UI Build issue fix""}"
2025-11-25 06:57:00.935,,25-5_Release_QA_Testing_Ankit,enterprisecompass,25-5_Release_QA_Testing,a834781384210de1ca9bd7754498674eb0c2e066,38082,For download screens,Pull Request Created,"{""pull_request_number"": 29, ""pull_request_title"": ""For download screens""}"
2025-11-25 07:04:58.532,,25-5_Release_QA_Testing_Ankit,enterprisecompass,25-5_Release_QA_Testing,d5cffa1373f96bcd79d473ea5b42696f86e16ce0,38082,For download screens,Pull Request Merged,"{""pull_request_number"": 29, ""pull_request_title"": ""For download screens""}"
2025-11-24 20:35:18.361,,25-5_Release_QA_Testing_Abishek_Tempbranch,enterprisecompass,25-5_Release_QA_Testing,6a0c45949ef164d287e0332a294ce8e3265f7645,36729,Dashboard screen JSON migration,Pull Request Created,"{""pull_request_number"": 28, ""pull_request_title"": ""Dashboard screen JSON migration""}"
2025-11-25 06:02:27.204,,25-5_Release_QA_Testing_Abishek_Tempbranch,enterprisecompass,25-5_Release_QA_Testing,b13ce96008575118e2effcef98e69f8251d38448,36729,Dashboard screen JSON migration,Pull Request Merged,"{""pull_request_number"": 28, ""pull_request_title"": ""Dashboard screen JSON migration""}"
2025-11-24 20:34:18.493,,25-5_Release_QA_Testing_Abishek,enterprisecompass,25-5_Release_QA_Testing,b083152a16b8034fbbec34526b62deba79d231bc,36729,Dashboard screen JSON migration,Pull Request Created,"{""pull_request_number"": 27, ""pull_request_title"": ""Dashboard screen JSON migration""}"
2025-11-24 06:05:35.739,,25-5_Release_QA_Testing_shaishav,enterprisecompass,25-5_Release_QA_Testing,aaee909e18b52064835b6e80afa8c3c554cfed9b,Shaishav Shah,Closes #25,Pull Request Created,"{""pull_request_number"": 26, ""pull_request_title"": ""download reports""}"
2025-11-24 06:06:28.432,,25-5_Release_QA_Testing_shaishav,enterprisecompass,25-5_Release_QA_Testing,3c10338a93c85d7cb3fb1611e621496fd73d168c,Shaishav Shah,download reports,Pull Request Merged,"{""pull_request_number"": 26, ""pull_request_title"": ""download reports""}"
2025-11-24 03:37:07.909,,25-5_Release_QA_Testing_Abishek2,enterprisecompass,25-5_Release_QA_Testing,ea25cc485987f0c694e4cc1db2e5e3a314ef2f5c,36729,Download File,Pull Request Created,"{""pull_request_number"": 25, ""pull_request_title"": ""Download File""}"
2025-11-24 06:13:12.140,,25-5_Release_QA_Testing_Abishek2,enterprisecompass,25-5_Release_QA_Testing,e1b3d367a132b5b09572142278c305dd902a8176,36729,Download File,Pull Request Merged,"{""pull_request_number"": 25, ""pull_request_title"": ""Download File""}"
2025-11-21 13:30:23.008,,25-5_Release_QA_Testing_VP_UI,enterprisecompass,25-5_Release_QA_Testing,d6aec2e35f6c791c405f2d148a9852527313fecd,38211,"Download Tab - CPEHC-51841 (Download File, Update Status, Fetch Report)",Pull Request Created,"{""pull_request_number"": 24, ""pull_request_title"": ""Download Tab - CPEHC-51841 (Download File, Update Status, Fetch Report)""}"
2025-11-21 13:36:10.987,,25-5_Release_QA_Testing_VP_UI,enterprisecompass,25-5_Release_QA_Testing,439709928e0d06960980e145cda57656eb2c0564,38211,"Download Tab - CPEHC-51841 (Download File, Update Status, Fetch Report)",Pull Request Merged,"{""pull_request_number"": 24, ""pull_request_title"": ""Download Tab - CPEHC-51841 (Download File, Update Status, Fetch Report)""}"
2025-11-21 09:50:39.385,,25-5_Release_QA_Testing_Abishek,enterprisecompass,25-5_Release_QA_Testing,b083152a16b8034fbbec34526b62deba79d231bc,36729,Download File Java code,Pull Request Created,"{""pull_request_number"": 23, ""pull_request_title"": ""Download File Java code for downloads tab""}"
2025-11-21 09:25:56.305,,25-5_Release_QA_Testing_Rishabh,enterprisecompass,25-5_Release_QA_Testing,741f79b451ec6d6e068438171c8da69addb7d586,Rishabh Choubey,"ALL code changes since beginning on Member , Measure screen , and Primary filters in Dashboard",Pull Request Created,"{""pull_request_number"": 22, ""pull_request_title"": ""Code changes for CPEHC-51474 CPEHC-51701 CPEHC-51691 CPEHC-51691 CPEHC-51474 CPEHC-48091 CPEHC-48076 CPEHC-48078 CPEHC-48077 CPEHC-44002 CPEHC-43999 CPEHC-48086""}"
2025-11-21 11:08:58.557,,25-5_Release_QA_Testing_Rishabh,enterprisecompass,25-5_Release_QA_Testing,563935e52a1256e6c3cb3bc9ebe3a52a31eecd4f,Rishabh Choubey,Code changes for CPEHC-51474 CPEHC-51701 CPEHC-51691 CPEHC-51691 CPEHC-51474 CPEHC-48091 CPEHC-48076 CPEHC-48078 CPEHC-48077 CPEHC-44002 CPEHC-43999 CPEHC-48086,Pull Request Merged,"{""pull_request_number"": 22, ""pull_request_title"": ""Code changes for CPEHC-51474 CPEHC-51701 CPEHC-51691 CPEHC-51691 CPEHC-51474 CPEHC-48091 CPEHC-48076 CPEHC-48078 CPEHC-48077 CPEHC-44002 CPEHC-43999 CPEHC-48086""}"
2025-11-21 08:03:27.920,,25-5_Release_QA_Testing_AjinkyaG,enterprisecompass,25-5_Release_QA_Testing,d7f3a0e5b16282a026e8499df9b739deba3bf448,Ajinkya Girigosavi,Closes #25,Pull Request Created,"{""pull_request_number"": 21, ""pull_request_title"": ""CPEHC-55131, CPEHC-55132, CPEHC-55133 ,CPEHC-51390,CPEHC-48094- API for Report List at Download Tab And Download Status""}"
2025-11-21 10:46:42.403,,25-5_Release_QA_Testing_AjinkyaG,enterprisecompass,25-5_Release_QA_Testing,e3ca0c825331f757163538dee0d87cc747a0109e,Ajinkya Girigosavi,"CPEHC-55131, CPEHC-55132, CPEHC-55133 ,CPEHC-51390,CPEHC-48094- API for Report List at Download Tab And Download Status",Pull Request Merged,"{""pull_request_number"": 21, ""pull_request_title"": ""CPEHC-55131, CPEHC-55132, CPEHC-55133 ,CPEHC-51390,CPEHC-48094- API for Report List at Download Tab And Download Status""}"
2025-11-19 14:11:02.080,,25_5_Release_QA_Testing_Sushant,enterprisecompass,25-5_Release_QA_Testing,d9c159d843210b52fbd9cbc6a9e22209b2da6dc6,38401,,Pull Request Created,"{""pull_request_number"": 20, ""pull_request_title"": ""CPEHC-51805 CPEHC-51848 Member Download for Quality and careNetwork""}"
2025-11-20 11:46:10.959,,25_5_Release_QA_Testing_Sushant,enterprisecompass,25-5_Release_QA_Testing,c2f906b236519408300e131a821aef0a59ec4179,38401,CPEHC-51805 CPEHC-51848 Member Download for Quality and careNetwork,Pull Request Merged,"{""pull_request_number"": 20, ""pull_request_title"": ""CPEHC-51805 CPEHC-51848 Member Download for Quality and careNetwork""}"
2025-11-19 12:39:12.154,,25-5_Release_QA_Testing_RiddhiGhorui,enterprisecompass,25-5_Release_QA_Testing,56f65e2a2b346ca341b17f5129237ac903cb0402,Riddhi,Closes #25,Pull Request Created,"{""pull_request_number"": 19, ""pull_request_title"": ""Mmeber Download  API""}"
2025-11-20 10:40:01.593,,25-5_Release_QA_Testing_RiddhiGhorui,enterprisecompass,25-5_Release_QA_Testing,59afb9669eaf425ae544f7a62dc20331730bb596,Riddhi,Mmeber Download  API,Pull Request Merged,"{""pull_request_number"": 19, ""pull_request_title"": ""Mmeber Download  API""}"
2025-11-19 07:45:29.087,,25-5_Release_QA_Testing_Ajinkya,enterprisecompass,25-5_Release_QA_Testing,9ac0b5726da3e34d68ba36eafd70fd3b473bdc54,Ajinkya Girigosavi,"breadcrumb API call and filer dependsOn property added and PIE chart and scatter chart added in the code

Closes #25",Pull Request Created,"{""pull_request_number"": 18, ""pull_request_title"": ""CPEHC-55131, CPEHC-55132, CPEHC-55133 - API for Report List at Download Tab""}"
2025-11-11 14:07:28.995,,25-5_Release_QA_Testing_JayPrakash2,enterprisecompass,25-5_Release_QA_Testing,64524f80d08a1a9798bffe4eb45bc46efaac691e,38225,Update Test case for Save and Preset Filter,Pull Request Created,"{""pull_request_number"": 17, ""pull_request_title"": ""From 25-5_Release_QA_Testing_JayPrakash2 into 25-5_Release_QA_Testing""}"
2025-11-20 08:09:59.789,,25-5_Release_QA_Testing_JayPrakash2,enterprisecompass,25-5_Release_QA_Testing,353ce8755311174d2b0ee2786b303ec60de117f3,38225,From 25-5_Release_QA_Testing_JayPrakash2 into 25-5_Release_QA_Testing,Pull Request Merged,"{""pull_request_number"": 17, ""pull_request_title"": ""From 25-5_Release_QA_Testing_JayPrakash2 into 25-5_Release_QA_Testing""}"
2025-11-11 05:41:25.050,,25-5_Release_QA_Testing_RiddhiGhorui,enterprisecompass,25-5_Release_QA_Testing,ec76242ba7867e989a78de1e6d229e5e91a32ad5,Riddhi,Added FilterPresetController and FilterPresetService changes,Pull Request Created,"{""pull_request_number"": 16, ""pull_request_title"": ""From 25-5_Release_QA_Testing_RiddhiGhorui into 25-5_Release_QA_Testing""}"
2025-11-11 07:46:36.248,,25-5_Release_QA_Testing_RiddhiGhorui,enterprisecompass,25-5_Release_QA_Testing,2d72b9b210d23b9289b7442b056d268443669110,Riddhi,From 25-5_Release_QA_Testing_RiddhiGhorui into 25-5_Release_QA_Testing,Pull Request Merged,"{""pull_request_number"": 16, ""pull_request_title"": ""From 25-5_Release_QA_Testing_RiddhiGhorui into 25-5_Release_QA_Testing""}"
2025-11-10 11:47:34.844,,25-5_Release_QA_Testing_RiddhiGhorui,enterprisecompass,main,0448e40e3b7f622e4d3d04fb37bded6cbfdd756a,Riddhi,Added FilterPresetController and FilterPresetServiceImpl changes,Pull Request Created,"{""pull_request_number"": 15, ""pull_request_title"": ""Added FilterPresetController and FilterPresetServiceImpl changes""}"
2025-11-10 11:43:12.959,,25-5_Release_QA_Testing_RiddhiGhorui,enterprisecompass,main,0448e40e3b7f622e4d3d04fb37bded6cbfdd756a,Riddhi,Closes #25,Pull Request Created,"{""pull_request_number"": 14, ""pull_request_title"": ""Added FilterPresetController and FilterPresetServiceImpl changes""}"
2025-11-07 06:41:21.502,,25-5_Release_QA_Testing_JayPrakash2,enterprisecompass,25-5_Release_QA_Testing,f536158bb85364216b09d86a40e38e06b85a9068,38225,"Latest Test Cases Committed for Select Column, Primary Filter and AdvanceFilter",Pull Request Created,"{""pull_request_number"": 13, ""pull_request_title"": ""From 25-5_Release_QA_Testing_JayPrakash2 into 25-5_Release_QA_Testing""}"
2025-11-07 06:59:20.750,,25-5_Release_QA_Testing_JayPrakash2,enterprisecompass,25-5_Release_QA_Testing,8a47bc0db4f1d396d9c325afc385b645dcaa962a,38225,From 25-5_Release_QA_Testing_JayPrakash2 into 25-5_Release_QA_Testing,Pull Request Merged,"{""pull_request_number"": 13, ""pull_request_title"": ""From 25-5_Release_QA_Testing_JayPrakash2 into 25-5_Release_QA_Testing""}"
2025-11-04 12:51:05.582,,25-5_Release_QA_Testing_JayPrakash,enterprisecompass,25-5_Release_QA_Testing,b58e19b5ec85209ecd1300298af4206609fc1990,38225,CPEHC-51701 Select Filter Columns on Enterprise Compass for Measure and Member,Pull Request Created,"{""pull_request_number"": 12, ""pull_request_title"": ""From 25-5_Release_QA_Testing_JayPrakash into 25-5_Release_QA_Testing""}"
2025-11-03 15:25:21.581,,25-5_Release_QA_Testing_JayPrakash2,enterprisecompass,25-5_Release_QA_Testing,c96edef2477ad2c7427154fac230fdd7ca4a9807,38225,CPEHC-51701 Select Filter Columns on Enterprise Compass for Measure and Member,Pull Request Created,"{""pull_request_number"": 11, ""pull_request_title"": ""From 25-5_Release_QA_Testing_JayPrakash2 into 25-5_Release_QA_Testing""}"
2025-11-03 14:00:45.551,,25-5_Release_QA_Testing_RiddhiGhorui,enterprisecompass,25-5_Release_QA_Testing,0436aed2f3efb4145da3e9fe42a6b8fb0c6779d7,Riddhi,I have created API for SaveFilter and PresetFilter for both Measure and Member Report Screen,Pull Request Created,"{""pull_request_number"": 10, ""pull_request_title"": ""Merge changes from RiddhiGhorui branch to QA Testing.""}"
2025-11-08 12:12:51.398,,25-5_Release_QA_Testing_RiddhiGhorui,enterprisecompass,25-5_Release_QA_Testing,4fe10749b5fe68faf151a5a486a56c06f71afcdb,Riddhi,Merge changes from RiddhiGhorui branch to QA Testing.,Pull Request Merged,"{""pull_request_number"": 10, ""pull_request_title"": ""Merge changes from RiddhiGhorui branch to QA Testing.""}"
2025-11-03 13:49:11.686,,25-5_Release_QA_Testing_shaishav,enterprisecompass,25-5_Release_QA_Testing,33ffc420656fcffba9fa429d494f812027c9bec0,Shaishav Shah,Hierarchy values related changes,Pull Request Created,"{""pull_request_number"": 9, ""pull_request_title"": ""Merge 25-5_Release_QA_Testing_shaishav into 25-5_Release_QA_Testing""}"
2025-11-03 13:49:18.575,,25-5_Release_QA_Testing_shaishav,enterprisecompass,25-5_Release_QA_Testing,dc764f6f8bbfb808b0b7f6b4b1dd6fb4bc92c865,Shaishav Shah,Merge 25-5_Release_QA_Testing_shaishav into 25-5_Release_QA_Testing,Pull Request Merged,"{""pull_request_number"": 9, ""pull_request_title"": ""Merge 25-5_Release_QA_Testing_shaishav into 25-5_Release_QA_Testing""}"
2025-11-03 12:30:12.505,,25-5_Release_QA_Testing_JayPrakash2,enterprisecompass,main,bb28648c53f3c73fad1b7094f0f53a7b949777c6,38225,Closes #25,Pull Request Created,"{""pull_request_number"": 8, ""pull_request_title"": ""CPEHC-51701 Select Filter Columns on Enterprise Compass for Measure and MemberResolve #25 \""5 release qa testing jayprakash2\""""}"
2025-10-31 02:11:23.657,,25-5_Release_QA_Testing_shaishav,enterprisecompass,25-5_Release_QA_Testing,c016880c314342b604c2ef3bed43f34f1aff414e,Shaishav Shah,download template changes and one click related changes,Pull Request Created,"{""pull_request_number"": 7, ""pull_request_title"": ""25-5_Release_QA_Testing_shaishav into 25-5_Release_QA_Testing""}"
2025-10-31 02:11:50.898,,25-5_Release_QA_Testing_shaishav,enterprisecompass,25-5_Release_QA_Testing,b58e19b5ec85209ecd1300298af4206609fc1990,Shaishav Shah,25-5_Release_QA_Testing_shaishav into 25-5_Release_QA_Testing,Pull Request Merged,"{""pull_request_number"": 7, ""pull_request_title"": ""25-5_Release_QA_Testing_shaishav into 25-5_Release_QA_Testing""}"
2025-10-27 13:44:20.795,,25-5_Release_QA_Testing_Rishabh,enterprisecompass,25-5_Release_QA_Testing,e795d3a745bb8bdb7a01af1fc96af596ad268a60,Rishabh Choubey,CPEHC-51474 API Integration for Primary filters,Pull Request Created,"{""pull_request_number"": 6, ""pull_request_title"": ""From 25-5_Release_QA_Testing_Rishabh into 25-5_Release_QA_Testing""}"
2025-10-27 13:45:14.214,,25-5_Release_QA_Testing_Rishabh,enterprisecompass,25-5_Release_QA_Testing,b3628d3947cbec85448980ac8dda704ce5e22054,Rishabh Choubey,From 25-5_Release_QA_Testing_Rishabh into 25-5_Release_QA_Testing,Pull Request Merged,"{""pull_request_number"": 6, ""pull_request_title"": ""From 25-5_Release_QA_Testing_Rishabh into 25-5_Release_QA_Testing""}"
2025-10-23 10:18:33.916,,25-5_Release_QA_Testing_Devanand,enterprisecompass,25-5_Release_QA_Testing,b7a7809b71fd893fb4c8b89caf058ebd329e576c,38695,"CPEHC-43999: Additional Filters in Quality Measure Report 
CPEHC-48077: Additional Filters in Care Network Measure Report 
CPEHC-48086: Additional Filters in Quality Member Report 
CPEHC-48091: Additional Filters in Care Network Member Report",Pull Request Created,"{""pull_request_number"": 5, ""pull_request_title"": ""merge 25-5_Release_QA_Testing_Devanand into 25-5_Release_QA_Testing""}"
2025-10-26 11:38:16.016,,25-5_Release_QA_Testing_Devanand,enterprisecompass,25-5_Release_QA_Testing,b4c551614f62d2638d2c280331de0c3a928146e5,38695,merge 25-5_Release_QA_Testing_Devanand into 25-5_Release_QA_Testing,Pull Request Merged,"{""pull_request_number"": 5, ""pull_request_title"": ""merge 25-5_Release_QA_Testing_Devanand into 25-5_Release_QA_Testing""}"
2025-10-17 13:02:50.143,,25-5_Release_QA_Testing_Devanand,enterprisecompass,25-5_Release_QA_Testing,08de2b1336b745394a57acf2cc703c3a97b753fc,38695,CPEHC-51474: Primary Filters Across Reports in Enterprise Compass,Pull Request Created,"{""pull_request_number"": 4, ""pull_request_title"": ""merge 25-5_Release_QA_Testing_Devanand into 25-5_Release_QA_Testing""}"
2025-10-17 16:03:42.068,,25-5_Release_QA_Testing_Devanand,enterprisecompass,25-5_Release_QA_Testing,50a9f2f1e1aa2ed31d85be0e16c466d16a5684d6,38695,merge 25-5_Release_QA_Testing_Devanand into 25-5_Release_QA_Testing,Pull Request Merged,"{""pull_request_number"": 4, ""pull_request_title"": ""merge 25-5_Release_QA_Testing_Devanand into 25-5_Release_QA_Testing""}"
2025-10-03 14:16:56.158,,25-5_Release_QA_Testing_Ankit,enterprisecompass,25-5_Release_QA_Testing,33cedaade066c48b32397c8392c05b3910a6dfaa,38082,Closes #25,Pull Request Created,"{""pull_request_number"": 3, ""pull_request_title"": ""This is the new changes for deployment""}"
2025-09-29 07:53:58.474,,25-5_Release_QA_Testing_Sangamesh,enterprisecompass,main,37d11fe2b40adc8246edc84075820bef5cdcdd4f,38083,Create new branch for development.,Pull Request Created,"{""pull_request_number"": 2, ""pull_request_title"": ""initial commit""}"
2025-09-29 07:49:59.318,,25-5_Release_QA_Testing_JayPrakash,enterprisecompass,main,f81487cb85181aee3b455d8feece19e5348d35a8,38225,Creating new Branch for Development,Pull Request Created,"{""pull_request_number"": 1, ""pull_request_title"": ""initial commit""}"
2025-12-08 17:11:52.631,,,enterprisecompass,,,Shaishav Shah,"Resolve #25 ""5 release qa testing ajinkyag""",Pull Request Approved,"{""pull_request_number"": 55, ""pull_request_title"": ""Resolve #25 \""5 release qa testing ajinkyag\""""}"
2025-12-08 17:10:27.954,,,enterprisecompass,,,Shaishav Shah,Merge : 25-5_Release_QA_Testing_AjinkyaG_VPUI into 25-5_Release_QA_Testing_AjinkyaG,Pull Request Approved,"{""pull_request_number"": 61, ""pull_request_title"": ""Merge : 25-5_Release_QA_Testing_AjinkyaG_VPUI into 25-5_Release_QA_Testing_AjinkyaG""}"
2025-12-08 16:27:35.620,,,enterprisecompass,,,Shaishav Shah,Program_Name at save and preset_filter,Pull Request Approved,"{""pull_request_number"": 60, ""pull_request_title"": ""Program_Name at save and preset_filter""}"
2025-12-08 15:23:15.332,,,enterprisecompass,,,Shaishav Shah,"Changes under Traditional Approach for Download table API Integration ,Popup...",Pull Request Approved,"{""pull_request_number"": 59, ""pull_request_title"": ""Changes under Traditional Approach for Download table API Integration ,Popup...""}"
2025-12-08 14:23:11.711,,,enterprisecompass,,,Shaishav Shah,25-5_Release_QA_Testing_AjinkyaG_ShreyasJ into 25-5_Release_QA_Testing_AjinkyaG,Pull Request Approved,"{""pull_request_number"": 58, ""pull_request_title"": ""25-5_Release_QA_Testing_AjinkyaG_ShreyasJ into 25-5_Release_QA_Testing_AjinkyaG""}"
2025-12-08 14:10:49.650,,,enterprisecompass,,,Shaishav Shah,Dashboard UI,Pull Request Approved,"{""pull_request_number"": 57, ""pull_request_title"": ""Dashboard UI""}"
2025-12-08 06:45:34.101,,,enterprisecompass,,,Shaishav Shah,From 25-5_Release_QA_Testing_Devanand into 25-5_Release_QA_Testing,Pull Request Approved,"{""pull_request_number"": 56, ""pull_request_title"": ""From 25-5_Release_QA_Testing_Devanand into 25-5_Release_QA_Testing""}"
2025-12-04 09:29:34.430,,,enterprisecompass,,,Shaishav Shah,Merge : 25-5_Release_QA_Testing_VP_UI into 25-5_Release_QA_Testing,Pull Request Approved,"{""pull_request_number"": 53, ""pull_request_title"": ""Merge : 25-5_Release_QA_Testing_VP_UI into 25-5_Release_QA_Testing""}"
2025-12-04 06:57:56.541,,,enterprisecompass,,,Shaishav Shah,Participant Score Chart API integration,Pull Request Approved,"{""pull_request_number"": 52, ""pull_request_title"": ""Participant Score Chart API integration""}"
2025-12-04 04:42:44.538,,,enterprisecompass,,,Shaishav Shah,Participant Score Chart API integration,Pull Request Approved,"{""pull_request_number"": 49, ""pull_request_title"": ""Participant Score Chart API integration""}"
2025-12-04 04:39:05.127,,,enterprisecompass,,,Shaishav Shah,From 25-5_Release_QA_Testing_Sangamesh into 25-5_Release_QA_Testing,Pull Request Approved,"{""pull_request_number"": 51, ""pull_request_title"": ""From 25-5_Release_QA_Testing_Sangamesh into 25-5_Release_QA_Testing""}"
2025-12-03 12:01:03.230,,,enterprisecompass,,,Shaishav Shah,25-5_Release_QA_Testing_Devanand into 25-5_Release_QA_Testing,Pull Request Approved,"{""pull_request_number"": 50, ""pull_request_title"": ""25-5_Release_QA_Testing_Devanand into 25-5_Release_QA_Testing""}"
2025-12-03 07:14:42.522,,,enterprisecompass,,,Shaishav Shah,Dashboard screen UI changes,Pull Request Approved,"{""pull_request_number"": 48, ""pull_request_title"": ""Dashboard screen UI changes""}"
2025-12-02 10:59:18.328,,,enterprisecompass,,,Shaishav Shah,Merge : 25-5_Release_QA_Testing_VP_UI into 25-5_Release_QA_Testing,Pull Request Approved,"{""pull_request_number"": 47, ""pull_request_title"": ""Merge : 25-5_Release_QA_Testing_VP_UI into 25-5_Release_QA_Testing""}"
2025-12-02 05:02:40.117,,,enterprisecompass,,,Shaishav Shah,25-5_Release_QA_Testing_Devanand into 25-5_Release_QA_Testing,Pull Request Approved,"{""pull_request_number"": 46, ""pull_request_title"": ""25-5_Release_QA_Testing_Devanand into 25-5_Release_QA_Testing""}"
2025-12-01 15:12:21.437,,,enterprisecompass,,,Shaishav Shah,Merge:  25-5_Release_QA_Testing_ShreyasJ into 25-5_Release_QA_Testing,Pull Request Approved,"{""pull_request_number"": 45, ""pull_request_title"": ""Merge:  25-5_Release_QA_Testing_ShreyasJ into 25-5_Release_QA_Testing""}"
2025-12-01 06:29:45.847,,,enterprisecompass,,,Shaishav Shah,"Code Changes for Filter Collapse , Filter and save preset on Member screen , Download popup , single select search box , header text in table",Pull Request Approved,"{""pull_request_number"": 44, ""pull_request_title"": ""Code Changes for Filter Collapse , Filter and save preset on Member screen , Download popup , single select search box , header text in table""}"
2025-11-29 07:01:27.959,,,enterprisecompass,,,Shaishav Shah,Dashboard screen apis,Pull Request Approved,"{""pull_request_number"": 43, ""pull_request_title"": ""Dashboard screen apis""}"
2025-11-29 06:33:42.075,,,enterprisecompass,,,Shaishav Shah,Mearge 25-5_Release_QA_Testing_VP_UI into 25-5_Release_QA_Testing,Pull Request Approved,"{""pull_request_number"": 42, ""pull_request_title"": ""Mearge 25-5_Release_QA_Testing_VP_UI into 25-5_Release_QA_Testing""}"
2025-11-28 09:23:50.009,,,enterprisecompass,,,Shaishav Shah,25-5_Release_QA_Testing_Devanand into 25-5_Release_QA_Testing,Pull Request Approved,"{""pull_request_number"": 41, ""pull_request_title"": ""25-5_Release_QA_Testing_Devanand into 25-5_Release_QA_Testing""}"
2025-11-27 18:32:42.692,,,enterprisecompass,,,Shaishav Shah,25-5_Release_QA_Testing_Devanand into 25-5_Release_QA_Testing,Pull Request Approved,"{""pull_request_number"": 39, ""pull_request_title"": ""25-5_Release_QA_Testing_Devanand into 25-5_Release_QA_Testing""}"
2025-11-27 15:08:34.223,,,enterprisecompass,,,Shaishav Shah,Merge 25-5_Release_QA_Testing_VP_UI into 25-5_Release_QA_Testing,Pull Request Approved,"{""pull_request_number"": 38, ""pull_request_title"": ""Merge 25-5_Release_QA_Testing_VP_UI into 25-5_Release_QA_Testing""}"
2025-11-27 11:16:04.539,,,enterprisecompass,,,Shaishav Shah,Merge 25-5_Release_QA_Testing_VP_UI into 25-5_Release_QA_Testing,Pull Request Approved,"{""pull_request_number"": 37, ""pull_request_title"": ""Merge 25-5_Release_QA_Testing_VP_UI into 25-5_Release_QA_Testing""}"
2025-11-27 10:53:12.286,,,enterprisecompass,,,Shaishav Shah,Merge 25-5_Release_QA_Testing_VP_UI into 25-5_Release_QA_Testing,Pull Request Approved,"{""pull_request_number"": 36, ""pull_request_title"": ""Merge 25-5_Release_QA_Testing_VP_UI into 25-5_Release_QA_Testing""}"
2025-11-27 10:01:07.465,,,enterprisecompass,,,Shaishav Shah,Merge 25-5_Release_QA_Testing_VP_UI into 25-5_Release_QA_Testing,Pull Request Approved,"{""pull_request_number"": 34, ""pull_request_title"": ""Merge 25-5_Release_QA_Testing_VP_UI into 25-5_Release_QA_Testing""}"
2025-11-27 05:54:22.417,,,enterprisecompass,,,Shaishav Shah,Merge 25-5_Release_QA_Testing_ShreyasJ into 25-5_Release_QA_Testing,Pull Request Approved,"{""pull_request_number"": 35, ""pull_request_title"": ""Merge 25-5_Release_QA_Testing_ShreyasJ into 25-5_Release_QA_Testing""}"
2025-11-26 11:09:27.757,,,enterprisecompass,,,Shaishav Shah,Merge: 25-5_Release_QA_Testing_ShreyasJ into 25-5_Release_QA_Testing,Pull Request Approved,"{""pull_request_number"": 33, ""pull_request_title"": ""Merge: 25-5_Release_QA_Testing_ShreyasJ into 25-5_Release_QA_Testing""}"
2025-11-26 05:04:24.468,,,enterprisecompass,,,Shaishav Shah,Dashboard Changes,Pull Request Approved,"{""pull_request_number"": 32, ""pull_request_title"": ""Dashboard Changes""}"
2025-11-25 12:43:01.347,,,enterprisecompass,,,Shaishav Shah,Latest Code with Table Integration and Resolved merge conflicts,Pull Request Approved,"{""pull_request_number"": 31, ""pull_request_title"": ""Latest Code with Table Integration and Resolved merge conflicts""}"
2025-11-25 10:33:37.375,,,enterprisecompass,,,Shaishav Shah,UI Build issue fix,Pull Request Approved,"{""pull_request_number"": 30, ""pull_request_title"": ""UI Build issue fix""}"
2025-11-25 06:02:25.239,,,enterprisecompass,,,Shaishav Shah,Dashboard screen JSON migration,Pull Request Approved,"{""pull_request_number"": 28, ""pull_request_title"": ""Dashboard screen JSON migration""}"
2025-11-24 06:13:09.001,,,enterprisecompass,,,Shaishav Shah,Download File,Pull Request Approved,"{""pull_request_number"": 25, ""pull_request_title"": ""Download File""}"
2025-11-24 06:06:25.709,,,enterprisecompass,,,Shaishav Shah,download reports,Pull Request Approved,"{""pull_request_number"": 26, ""pull_request_title"": ""download reports""}"
2025-11-21 13:35:57.251,,,enterprisecompass,,,Shaishav Shah,"Download Tab - CPEHC-51841 (Download File, Update Status, Fetch Report)",Pull Request Approved,"{""pull_request_number"": 24, ""pull_request_title"": ""Download Tab - CPEHC-51841 (Download File, Update Status, Fetch Report)""}"
2025-11-21 11:08:49.705,,,enterprisecompass,,,Shaishav Shah,Code changes for CPEHC-51474 CPEHC-51701 CPEHC-51691 CPEHC-51691 CPEHC-51474 CPEHC-48091 CPEHC-48076 CPEHC-48078 CPEHC-48077 CPEHC-44002 CPEHC-43999 CPEHC-48086,Pull Request Approved,"{""pull_request_number"": 22, ""pull_request_title"": ""Code changes for CPEHC-51474 CPEHC-51701 CPEHC-51691 CPEHC-51691 CPEHC-51474 CPEHC-48091 CPEHC-48076 CPEHC-48078 CPEHC-48077 CPEHC-44002 CPEHC-43999 CPEHC-48086""}"
2025-11-21 10:46:36.933,,,enterprisecompass,,,Shaishav Shah,"CPEHC-55131, CPEHC-55132, CPEHC-55133 ,CPEHC-51390,CPEHC-48094- API for Report List at Download Tab And Download Status",Pull Request Approved,"{""pull_request_number"": 21, ""pull_request_title"": ""CPEHC-55131, CPEHC-55132, CPEHC-55133 ,CPEHC-51390,CPEHC-48094- API for Report List at Download Tab And Download Status""}"
2025-11-20 11:46:08.919,,,enterprisecompass,,,Shaishav Shah,CPEHC-51805 CPEHC-51848 Member Download for Quality and careNetwork,Pull Request Approved,"{""pull_request_number"": 20, ""pull_request_title"": ""CPEHC-51805 CPEHC-51848 Member Download for Quality and careNetwork""}"
2025-11-20 08:11:13.143,,,enterprisecompass,,,Shaishav Shah,Mmeber Download  API,Pull Request Approved,"{""pull_request_number"": 19, ""pull_request_title"": ""Mmeber Download  API""}"
2025-11-20 08:10:30.666,,,enterprisecompass,,,Shaishav Shah,"CPEHC-55131, CPEHC-55132, CPEHC-55133 - API for Report List at Download Tab",Pull Request Approved,"{""pull_request_number"": 18, ""pull_request_title"": ""CPEHC-55131, CPEHC-55132, CPEHC-55133 - API for Report List at Download Tab""}"
2025-11-20 08:09:18.221,,,enterprisecompass,,,Shaishav Shah,From 25-5_Release_QA_Testing_JayPrakash2 into 25-5_Release_QA_Testing,Pull Request Approved,"{""pull_request_number"": 17, ""pull_request_title"": ""From 25-5_Release_QA_Testing_JayPrakash2 into 25-5_Release_QA_Testing""}"
2025-11-11 07:46:31.750,,,enterprisecompass,,,Shaishav Shah,From 25-5_Release_QA_Testing_RiddhiGhorui into 25-5_Release_QA_Testing,Pull Request Approved,"{""pull_request_number"": 16, ""pull_request_title"": ""From 25-5_Release_QA_Testing_RiddhiGhorui into 25-5_Release_QA_Testing""}"
2025-11-08 12:12:49.433,,,enterprisecompass,,,Shaishav Shah,Merge changes from RiddhiGhorui branch to QA Testing.,Pull Request Approved,"{""pull_request_number"": 10, ""pull_request_title"": ""Merge changes from RiddhiGhorui branch to QA Testing.""}"
2025-11-07 06:59:18.025,,,enterprisecompass,,,Shaishav Shah,From 25-5_Release_QA_Testing_JayPrakash2 into 25-5_Release_QA_Testing,Pull Request Approved,"{""pull_request_number"": 13, ""pull_request_title"": ""From 25-5_Release_QA_Testing_JayPrakash2 into 25-5_Release_QA_Testing""}"
2025-11-03 13:49:15.958,,,enterprisecompass,,,Shaishav Shah,Merge 25-5_Release_QA_Testing_shaishav into 25-5_Release_QA_Testing,Pull Request Approved,"{""pull_request_number"": 9, ""pull_request_title"": ""Merge 25-5_Release_QA_Testing_shaishav into 25-5_Release_QA_Testing""}"
2025-11-03 12:35:16.206,,,enterprisecompass,,,38225,"CPEHC-51701 Select Filter Columns on Enterprise Compass for Measure and MemberResolve #25 ""5 release qa testing jayprakash2""",Pull Request Approved,"{""pull_request_number"": 8, ""pull_request_title"": ""CPEHC-51701 Select Filter Columns on Enterprise Compass for Measure and MemberResolve #25 \""5 release qa testing jayprakash2\""""}"
2025-10-31 02:11:29.642,,,enterprisecompass,,,Shaishav Shah,25-5_Release_QA_Testing_shaishav into 25-5_Release_QA_Testing,Pull Request Approved,"{""pull_request_number"": 7, ""pull_request_title"": ""25-5_Release_QA_Testing_shaishav into 25-5_Release_QA_Testing""}"
2025-10-27 13:45:09.513,,,enterprisecompass,,,Shaishav Shah,From 25-5_Release_QA_Testing_Rishabh into 25-5_Release_QA_Testing,Pull Request Approved,"{""pull_request_number"": 6, ""pull_request_title"": ""From 25-5_Release_QA_Testing_Rishabh into 25-5_Release_QA_Testing""}"
2025-10-26 11:38:13.752,,,enterprisecompass,,,Shaishav Shah,merge 25-5_Release_QA_Testing_Devanand into 25-5_Release_QA_Testing,Pull Request Approved,"{""pull_request_number"": 5, ""pull_request_title"": ""merge 25-5_Release_QA_Testing_Devanand into 25-5_Release_QA_Testing""}"
2025-10-17 16:03:39.095,,,enterprisecompass,,,Shaishav Shah,merge 25-5_Release_QA_Testing_Devanand into 25-5_Release_QA_Testing,Pull Request Approved,"{""pull_request_number"": 4, ""pull_request_title"": ""merge 25-5_Release_QA_Testing_Devanand into 25-5_Release_QA_Testing""}"
2025-09-24 07:22:02.000,,,enterprisecompass,,d6fbf7157d48b53baaeedb380d52a79200490a72,Amit More,Initial commit,Code Committed,"{""parent_ids"": []}"
2025-12-09 06:53:41.596,,,enterprisecompass,25-5_Release_QA_Testing_RishabhC,afa7e1fccbf60923c4686ff4b18b44ac97b39ee8,Rishabh Choubey,Merge branch '25-5_Release_QA_Testing_AjinkyaG' into '25-5_Release_...,Initial Push,"{""num_commits"": 137}"
2025-12-09 06:52:50.525,,,enterprisecompass,25-5_Release_QA_Testing_AjinkyaG_New,afa7e1fccbf60923c4686ff4b18b44ac97b39ee8,Ajinkya Girigosavi,Merge branch '25-5_Release_QA_Testing_AjinkyaG' into '25-5_Release_...,Initial Push,"{""num_commits"": 137}"
2025-12-09 06:31:28.308,,,enterprisecompass,25-5_Release_QA_Testing_AnkitSawant,afa7e1fccbf60923c4686ff4b18b44ac97b39ee8,38082,Merge branch '25-5_Release_QA_Testing_AjinkyaG' into '25-5_Release_...,Initial Push,"{""num_commits"": 137}"
2025-12-09 06:31:05.783,,,enterprisecompass,AnkitS,afa7e1fccbf60923c4686ff4b18b44ac97b39ee8,38082,Branch Deleted to AnkitS,Branch Deleted,
2025-12-09 06:30:50.211,,,enterprisecompass,AnkitS,afa7e1fccbf60923c4686ff4b18b44ac97b39ee8,38082,Merge branch '25-5_Release_QA_Testing_AjinkyaG' into '25-5_Release_...,Initial Push,"{""num_commits"": 137}"
2025-12-08 17:07:31.817,,,enterprisecompass,25-5_Release_QA_Testing_AjinkyaG_VPUI,f3f0f50c983f328a53b34b4c3a72718aaae097f8,38211,Resolved merge conflict,Code Pushed,"{""num_commits"": 11}"
2025-12-08 16:20:33.556,,,enterprisecompass,25-5_Release_QA_Testing_AjinkyaG_Aj,868b01aea7f586bc73a1e239c8871d1537346fe8,Ajinkya Girigosavi,Program_Name at save and preset_filter,Code Pushed,"{""num_commits"": 1}"
2025-12-08 14:08:22.444,,,enterprisecompass,25-5_Release_QA_Testing_AjinkyaG_ShreyasJ,b3056e10cb50b0cb7feeccf421c016b4fc70645b,32460,Table color coding and select column fix,Code Pushed,"{""num_commits"": 1}"
2025-12-08 12:32:49.261,,,enterprisecompass,AjinkyaG_Abishek_Dashboard,8c2fbf85c95ca6f56e6b5af3d8c94f8b9a1de5e9,36729,Metric threshold API integration,Code Pushed,"{""num_commits"": 1}"
2025-12-08 11:25:20.560,,,enterprisecompass,25-5_Release_QA_Testing_AjinkyaG_ShreyasJ,8ec54fc359b24a2b90794a225c6bb44e55114af9,32460,metic type filter call for member quality,Initial Push,"{""num_commits"": 141}"
2025-12-08 07:11:20.537,,,enterprisecompass,AjinkyaG_Abishek_Dashboard,f3adacb190d01c600fb81d1c7b050a45b18bdd65,36729,Dashboard UI,Initial Push,"{""num_commits"": 141}"
2025-12-08 06:51:46.702,,,enterprisecompass,25-5_Release_QA_Testing_AjinkyaG_Aj,8ec54fc359b24a2b90794a225c6bb44e55114af9,Ajinkya Girigosavi,metic type filter call for member quality,Initial Push,"{""num_commits"": 141}"
2025-12-08 06:41:10.079,,,enterprisecompass,25-5_Release_QA_Testing_Devanand,a2542a066d49ad71d2e86905efe61d104b651c39,38695,resolved git conflict for enterprisecompassconfig.properties and Me...,Code Pushed,"{""num_commits"": 12}"
2025-12-08 06:23:19.073,,,enterprisecompass,25-5_Release_QA_Testing_AjinkyaG,8ec54fc359b24a2b90794a225c6bb44e55114af9,32460,metic type filter call for member quality,Code Pushed,"{""num_commits"": 1}"
2025-12-07 20:30:31.873,,,enterprisecompass,25-5_Release_QA_Testing_Abishek_Dashboard,ed2d0b42ca408d5bc319353d709da43aea3148e4,36729,Updated dashboard screen UI,Code Pushed,"{""num_commits"": 1}"
2025-12-07 16:03:48.951,,,enterprisecompass,25-5_Release_QA_Testing_AjinkyaG_VPUI,f7a77ad89f526ecbb16b9a433116ea329b503faa,38211,"filter save and preset changes, table and filters enhancement changes",Initial Push,"{""num_commits"": 140}"
2025-12-07 16:02:13.946,,,enterprisecompass,25-5_Release_QA_Testing_AjinkyaG_VP_UI,d6fbf7157d48b53baaeedb380d52a79200490a72,38211,Initial Push to 25-5_Release_QA_Testing_AjinkyaG_VP_UI,Initial Push,"{""num_commits"": 0}"
2025-12-07 15:16:46.651,,,enterprisecompass,25-5_Release_QA_Testing_AjinkyaG_Rishabh,f7a77ad89f526ecbb16b9a433116ea329b503faa,Rishabh Choubey,"filter save and preset changes, table and filters enhancement changes",Initial Push,"{""num_commits"": 140}"
2025-12-07 14:47:11.011,,,enterprisecompass,25-5_Release_QA_Testing_AjinkyaG,f7a77ad89f526ecbb16b9a433116ea329b503faa,32460,"filter save and preset changes, table and filters enhancement changes",Code Pushed,"{""num_commits"": 1}"
2025-12-05 09:12:49.324,,,enterprisecompass,25-5_Release_QA_Testing_AjinkyaG,1462e80b859ec3afdec8766b45d03f73d2060dd6,32460,member reports and measure reports with traditional approach,Code Pushed,"{""num_commits"": 1}"
2025-12-04 16:24:04.589,,,enterprisecompass,25-5_Release_QA_Testing_AjinkyaG,62e5df0114e86529733492167dcde0b116320882,Ajinkya Girigosavi,Traditional Approach - Measure Report,Code Pushed,"{""num_commits"": 1}"
2025-12-04 16:19:17.538,,,enterprisecompass,25-5_Release_QA_Testing_AjinkyaG,ff333bd4e5075a72db32efc033397bcab7735157,Ajinkya Girigosavi,Traditional Approach - Measure Report,Code Pushed,"{""num_commits"": 1}"
2025-12-04 12:22:37.359,,,enterprisecompass,25-5_Release_QA_Testing_VP_UI,452a1623d6e475bbf4e537399410588fe94ca910,38211,Fixed download xls file - data dictionary,Code Pushed,"{""num_commits"": 1}"
2025-12-04 08:26:00.356,,,enterprisecompass,25-5_Release_QA_Testing_VP_UI,fe0de63b35d0e67da28ae201e42a40ac0670a21f,38211,role base access issue resolved,Code Pushed,"{""num_commits"": 16}"
2025-12-03 12:30:50.837,,,enterprisecompass,25-5_Release_QA_Testing_Sangamesh,a310b604ce5947a0d059cff11bcba64d7d5d46d0,38083,"CPEHC-48095 Visuals and Calculations on Dashboard - Program Score, ...",Code Pushed,"{""num_commits"": 1}"
2025-12-03 12:05:05.495,,,enterprisecompass,25-5_Release_QA_Testing_Sangamesh,423ecfdc76fc7a1d464ef04ac62dc82fb3775b10,38083,Merge branch '25-5_Release_QA_Testing_Devanand' into '25-5_Release_...,Initial Push,"{""num_commits"": 125}"
2025-12-03 12:04:17.437,,,enterprisecompass,25-5_Release_QA_Testing_Sangamesh,9519f576045c11dbb75adc21c375b6602a1138d2,38083,Branch Deleted to 25-5_Release_QA_Testing_Sangamesh,Branch Deleted,
2025-12-03 11:58:40.611,,,enterprisecompass,25-5_Release_QA_Testing_AnkitSawant,3006b1312c4b730a305b1baca2ba87d39ecc1df6,38082,Branch Deleted to 25-5_Release_QA_Testing_AnkitSawant,Branch Deleted,
2025-12-03 11:58:28.772,,,enterprisecompass,25-5_Release_QA_Testing_Ankit,a834781384210de1ca9bd7754498674eb0c2e066,38082,Branch Deleted to 25-5_Release_QA_Testing_Ankit,Branch Deleted,
2025-12-03 11:50:45.169,,,enterprisecompass,25-5_Release_QA_Testing_Devanand,b30269caba093ca256868e5c8c3425dc689ed57c,38695,Merge conflicts resolved in MemberServiceImpl and enterprisecompass...,Code Pushed,"{""num_commits"": 8}"
2025-12-03 11:37:12.680,,,enterprisecompass,25-5_Release_QA_Testing_Sangamesh,9519f576045c11dbb75adc21c375b6602a1138d2,38083,Merge branch '25-5_Release_QA_Testing_Abishek_Dashboard' into '25-5...,Initial Push,"{""num_commits"": 123}"
2025-12-03 11:36:20.794,,,enterprisecompass,25-5_Release_QA_Testing_Sangamesh,3006b1312c4b730a305b1baca2ba87d39ecc1df6,38083,Branch Deleted to 25-5_Release_QA_Testing_Sangamesh,Branch Deleted,
2025-12-03 11:30:47.631,,,enterprisecompass,25-5_Release_QA_Testing_Abishek_Dashboard,cd77f53e3fa3a43c4c2f91297f7c2aec3ef5d533,36729,Participant score graph implementation,Code Pushed,"{""num_commits"": 1}"
2025-12-03 09:14:40.773,,,enterprisecompass,25-5_Release_QA_Testing_AjinkyaG,d3db4c38a8a5f4b5445f9a4a66fc4f912c6fc57a,Ajinkya Girigosavi,dropdown reusable component pushed,Code Pushed,"{""num_commits"": 1}"
2025-12-03 09:07:28.571,,,enterprisecompass,25-5_Release_QA_Testing_Saikiran,739cd27adc6aae27b848b1f788f2c58ec85dee80,Saikiran Patakroad,dropdown reusable component pushed,Code Pushed,"{""num_commits"": 1}"
2025-12-03 07:27:45.603,,,enterprisecompass,25-5_Release_QA_Testing_AjinkyaG,d2d10e880a82cfe9f0f325e459dd9ecfd85b5c52,Ajinkya Girigosavi,new approch chnages : Added report module.,Code Pushed,"{""num_commits"": 1}"
2025-12-03 06:11:49.156,,,enterprisecompass,25-5_Release_QA_Testing_Abishek_Dashboard,85a3acf06c5e36244483510bba8ece5db31b4f12,36729,bar chart metricGrouping mapping,Code Pushed,"{""num_commits"": 1}"
2025-12-02 20:45:16.973,,,enterprisecompass,25-5_Release_QA_Testing_Abishek_Dashboard,57befd0e4de50c9abd799f7a0dd4ac88aa7ce237,36729,code revamp,Code Pushed,"{""num_commits"": 1}"
2025-12-02 09:02:10.324,,,enterprisecompass,25-5_Release_QA_Testing_VP_UI,1cd355e1a4c324145c9fb662e0853bad14f55d4c,38211,Download Tab - download file and popup issue fixed,Code Pushed,"{""num_commits"": 3}"
2025-12-02 05:02:21.014,,,enterprisecompass,25-5_Release_QA_Testing_Devanand,75222f7e4709f2eb751c97127c549b099e40399b,38695,resolve merged conflict,Code Pushed,"{""num_commits"": 13}"
2025-12-01 16:15:37.763,,,enterprisecompass,25-5_Release_QA_Testing_Devanand,896a3dcab1e78ba4ed09f621f74d381264284147,38695,"Fix issues CPEHC-44004, CPEHC-48076, CPEHC-48084, CPEHC-48093 in do...",Code Pushed,"{""num_commits"": 1}"
2025-12-01 15:04:25.035,,,enterprisecompass,25-5_Release_QA_Testing_ShreyasJ,8407252c51bac02bc650da326d13f0b4442482a8,32460,"Table colour changes, table message changes and CSS changes",Code Pushed,"{""num_commits"": 1}"
2025-11-28 10:59:49.353,,,enterprisecompass,25-5_Release_QA_Testing_AnkS,5089ef192f01950772041fccb1ad859be144711d,38082,Updated code,Code Pushed,"{""num_commits"": 3}"
2025-11-28 10:48:45.297,,,enterprisecompass,25-5_Release_QA_Testing_AnkS,0afe4817cbd93138534bd2450fe09a9b71a9d85d,38082,Dashboard screen average weighted and gaps,Code Pushed,"{""num_commits"": 1}"
2025-11-28 08:58:20.889,,,enterprisecompass,25-5_Release_QA_Testing_VP_UI,459cce050bfc1e0ce12267de2679ed9c6c2d9cec,38211,Add spinner on download Tab and rolebase access,Code Pushed,"{""num_commits"": 1}"
2025-11-28 08:12:33.278,,,enterprisecompass,25-5_Release_QA_Testing_Devanand,f0211015c181a45f54080b84d2d021aa7a66d67a,38695,Delete uiDesigner.xml,Code Pushed,"{""num_commits"": 1}"
2025-11-28 08:12:25.474,,,enterprisecompass,25-5_Release_QA_Testing_Devanand,f5ad5e35733f33594963851fab3a9b59c507096a,38695,Delete misc.xml,Code Pushed,"{""num_commits"": 1}"
2025-11-28 08:12:17.464,,,enterprisecompass,25-5_Release_QA_Testing_Devanand,ebe8864fbdb59d852e4deb8edde78bb5291bacb2,38695,Delete jarRepositories.xml,Code Pushed,"{""num_commits"": 1}"
2025-11-28 08:12:05.222,,,enterprisecompass,25-5_Release_QA_Testing_Devanand,67a94ccb9094cc3b96500a16072bb6447e817bfb,38695,Delete encodings.xml,Code Pushed,"{""num_commits"": 1}"
2025-11-28 08:11:52.843,,,enterprisecompass,25-5_Release_QA_Testing_Devanand,e91f0e43b8d3317593ba64d0dc8452eb96aa527d,38695,Delete compiler.xml,Code Pushed,"{""num_commits"": 1}"
2025-11-28 08:11:44.047,,,enterprisecompass,25-5_Release_QA_Testing_Devanand,b35275427b5a24cad689b16f9e314717ee112778,38695,Delete .gitignore,Code Pushed,"{""num_commits"": 1}"
2025-11-28 08:08:13.331,,,enterprisecompass,25-5_Release_QA_Testing_Abishek_Dashboard,685cd3553dde021a5b85b72e98e501f41d9e4060,36729,table component file changes reverted,Code Pushed,"{""num_commits"": 1}"
2025-11-28 08:03:58.951,,,enterprisecompass,25-5_Release_QA_Testing_Devanand,561376ee778bf9ab0180fcc16170ad07e748cc65,38695,testCase: disable failing DAO/service testcases Classes specs,Code Pushed,"{""num_commits"": 1}"
2025-11-28 07:29:45.542,,,enterprisecompass,25-5_Release_QA_Testing_AnkS,be16af118f8e5d555c430f5c4b6ba05fb8690be6,38082,Merge branch '25-5_Release_QA_Testing_Devanand' into '25-5_Release_...,Initial Push,"{""num_commits"": 105}"
2025-11-27 18:32:28.986,,,enterprisecompass,25-5_Release_QA_Testing_Devanand,b9e888d5e81ab7faa3c7a36dfd04da5e78bf4b5b,38695,fix download issues,Code Pushed,"{""num_commits"": 1}"
2025-11-27 16:03:33.166,,,enterprisecompass,25-5_Release_QA_Testing_Devanand,b4d7a7b8b80c6ecbc881ab2a91420202e9fa8d8f,38695,fix for save and preset filter,Code Pushed,"{""num_commits"": 1}"
2025-11-27 15:35:23.035,,,enterprisecompass,25-5_Release_QA_Testing_Devanand,b2759280bdb129008c7d0e79048e72ae367e5927,38695,"CPEHC-44004 UI Columns in Quality Measure Report, CPEHC-48076 UI Co...",Code Pushed,"{""num_commits"": 1}"
2025-11-27 14:07:59.643,,,enterprisecompass,25-5_Release_QA_Testing_RCNew,97ca0bb5f43de48a91ffc9989e54036ff7b89398,Rishabh Choubey,Camel case changes on Measure and member screen,Code Pushed,"{""num_commits"": 1}"
2025-11-27 12:52:17.419,,,enterprisecompass,25-5_Release_QA_Testing_VP_UI,28a4546d63e70af47ed2edb9239d9033f96a41a4,38211,Modifying column selection parameters on column selector closed,Code Pushed,"{""num_commits"": 1}"
2025-11-27 11:04:44.518,,,enterprisecompass,25-5_Release_QA_Testing_VP_UI,db088a679a11ad316b92864bd12d2a6134217fcd,38211,Fixed issue on download tab,Code Pushed,"{""num_commits"": 1}"
2025-11-27 10:39:20.708,,,enterprisecompass,25-5_Release_QA_Testing_VP_UI,6c586dc17ecb411a3beaca47b6f0d219b3a15102,38211,Date format and Pagination fixed on Download Tab,Code Pushed,"{""num_commits"": 1}"
2025-11-27 08:16:13.676,,,enterprisecompass,25-5_Release_QA_Testing_VP_UI,4b88d3e8c16dd201648722aeecaa24861a9f1884,38211,Fixed UI issue for Download Tab,Code Pushed,"{""num_commits"": 4}"
2025-11-26 11:57:20.517,,,enterprisecompass,25-5_Release_QA_Testing_VP_UI,6712d261263509aaebd019e46a7943f3c359084a,38211,Fixed UI issue on download tab,Code Pushed,"{""num_commits"": 25}"
2025-11-26 11:50:06.422,,,enterprisecompass,25-5_Release_QA_Testing_ShreyasJ,1151d9683e6bcd90b2482c5cdfced1d074e1983d,32460,filter preset fix,Code Pushed,"{""num_commits"": 1}"
2025-11-26 10:59:35.773,,,enterprisecompass,25-5_Release_QA_Testing_ShreyasJ,9c647b866ae04f272b8ab6ac03a60154e73a4a8f,32460,filter changes and css changes,Code Pushed,"{""num_commits"": 1}"
2025-11-26 07:55:19.392,,,enterprisecompass,25-5_Release_QA_Testing,c88e507aff1b1d01d85cb1cb6f5376b795d97e86,Sathisha T,Edit Dockerfile,Code Pushed,"{""num_commits"": 1}"
2025-11-25 20:05:45.284,,,enterprisecompass,25-5_Release_QA_Testing_Abishek_Dashboard,91cbc6070a29d0d8c3aa01f7ed4b4d3327f167c6,36729,Dashboard changes,Initial Push,"{""num_commits"": 108}"
2025-11-25 15:39:47.069,,,enterprisecompass,25-5_Release_QA_Testing_Devanand,c8977c8ac36c73cdd44572bac150c13d527a982e,38695,Add new file,Initial Push,"{""num_commits"": 88}"
2025-11-25 15:38:47.445,,,enterprisecompass,25-5_Release_QA_Testing_Devanand,b7a7809b71fd893fb4c8b89caf058ebd329e576c,38695,Branch Deleted to 25-5_Release_QA_Testing_Devanand,Branch Deleted,
2025-11-25 14:01:21.932,,,enterprisecompass,25-5_Release_QA_Testing,c8977c8ac36c73cdd44572bac150c13d527a982e,Sathisha T,Add new file,Code Pushed,"{""num_commits"": 1}"
2025-11-25 14:00:26.602,,,enterprisecompass,25-5_Release_QA_Testing,c4272967e3a2e5f9168de61d473ba0ded8c94d24,Sathisha T,Add new file,Code Pushed,"{""num_commits"": 1}"
2025-11-25 12:56:25.611,,,enterprisecompass,25-5_Release_QA_Testing_Saikiran,ff4928d3199360b3917ba66edb82bf691f63c37f,Saikiran Patakroad,new approch chnages : Added report module.,Code Pushed,"{""num_commits"": 1}"
2025-11-25 12:04:49.216,,,enterprisecompass,25-5_Release_QA_Testing_RCNew,b4815ecf51e2b239e3f0550478b2e31f09fb18bf,Rishabh Choubey,Code changes for latest pull and merge conflicts,Code Pushed,"{""num_commits"": 7}"
2025-11-25 10:32:19.365,,,enterprisecompass,25-5_Release_QA_Testing_shaishav,d10c1821cbb359b1ad06c3d52abc8a81586f9326,Shaishav Shah,resolved merge conflicts,Code Pushed,"{""num_commits"": 1}"
2025-11-25 10:31:14.008,,,enterprisecompass,25-5_Release_QA_Testing_Abishek_Tempbranch,e791ef96a78d6a3779240ee653e4c228e164c108,36729,UI build issue fix,Code Pushed,"{""num_commits"": 10}"
2025-11-25 10:24:47.955,,,enterprisecompass,25-5_Release_QA_Testing_shaishav,4271461329dc932496a4654f8b909d7b4a2fd27a,Shaishav Shah,resolved merge conflicts,Code Pushed,"{""num_commits"": 13}"
2025-11-25 08:00:56.079,,,enterprisecompass,25-5_Release_QA_Testing,d1a0742c1927aaa25029eefefea49e0b9c7893eb,Sathisha T,Add new directory,Code Pushed,"{""num_commits"": 1}"
2025-11-25 08:00:25.924,,,enterprisecompass,25-5_Release_QA_Testing,d93c66d8312702980a7358f7c83587821c1aded0,Sathisha T,Add new directory,Code Pushed,"{""num_commits"": 1}"
2025-11-25 07:59:53.041,,,enterprisecompass,25-5_Release_QA_Testing,dc8530a4c0be571e0c3842f15efe457faf7f7d57,Sathisha T,Add new directory,Code Pushed,"{""num_commits"": 1}"
2025-11-25 07:33:48.037,,,enterprisecompass,25-5_Release_QA_Testing,15652b6d1c0b55d111724f1bb64892e41c2b3aeb,Sathisha T,Add new directory,Code Pushed,"{""num_commits"": 1}"
2025-11-25 07:10:52.167,,,enterprisecompass,25-5_Release_QA_Testing_Rishabh,df87c341b3995e471d9b90f4ca31319b34dc3dee,Rishabh Choubey,changes from Mainline,Code Pushed,"{""num_commits"": 20}"
2025-11-25 07:06:05.693,,,enterprisecompass,25-5_Release_QA_Testing_RCNew,d5cffa1373f96bcd79d473ea5b42696f86e16ce0,Rishabh Choubey,Merge branch '25-5_Release_QA_Testing_Ankit' into '25-5_Release_QA_...,Initial Push,"{""num_commits"": 78}"
2025-11-25 06:55:41.810,,,enterprisecompass,25-5_Release_QA_Testing_Ankit,a834781384210de1ca9bd7754498674eb0c2e066,38082,For download csreens,Code Pushed,"{""num_commits"": 1}"
2025-11-25 06:52:47.121,,,enterprisecompass,25-5_Release_QA_Testing_Ankit,b13ce96008575118e2effcef98e69f8251d38448,38082,Merge branch '25-5_Release_QA_Testing_Abishek_Tempbranch' into '25-...,Initial Push,"{""num_commits"": 76}"
2025-11-25 06:22:40.451,,,enterprisecompass,25-5_Release_QA_Testing_Rishabh,ecf4b2080eed3972892c0c384d687238cf12371b,Rishabh Choubey,Changes for Table Pagination and table UI fixes,Code Pushed,"{""num_commits"": 1}"
2025-11-24 16:45:15.107,,,enterprisecompass,25-5_Release_QA_Testing_Abishek_Tempbranch,0acd40268ea0b49fff06d90e2f55a8b945b85c5d,36729,Dashboard changes,Initial Push,"{""num_commits"": 59}"
2025-11-24 06:04:47.829,,,enterprisecompass,25-5_Release_QA_Testing_shaishav,6ff2dedafcf9c9fd5ff4dbf111d35d27be892953,Shaishav Shah,download reports,Code Pushed,"{""num_commits"": 1}"
2025-11-24 03:35:47.201,,,enterprisecompass,25-5_Release_QA_Testing_Abishek2,4ecf172bc7fe3bc14ff196cdf8f98b758f399247,36729,Download File for download screen,Initial Push,"{""num_commits"": 71}"
2025-11-21 13:06:25.809,,,enterprisecompass,25-5_Release_QA_Testing_VP_UI,932b07849556ffc770716928f625f54bcbd93170,38211,2nd release of download tabs for status update - CPEHC-51841,Code Pushed,"{""num_commits"": 1}"
2025-11-21 10:10:41.527,,,enterprisecompass,25-5_Release_QA_Testing_Abishek,b083152a16b8034fbbec34526b62deba79d231bc,36729,"Revert ""Download File for downloads screen""",Code Pushed,"{""num_commits"": 1}"
2025-11-21 10:05:09.790,,,enterprisecompass,25-5_Release_QA_Testing_Abishek,9ea93baa792037d3ee0aa6e505e16cb4629d1bd2,36729,Code Pushed to 25-5_Release_QA_Testing_Abishek,Code Pushed,"{""num_commits"": 0}"
2025-11-21 08:42:57.545,,,enterprisecompass,25-5_Release_QA_Testing_Rishabh,7be44a2922add1f4b5798a0b0922e08a5fff8fe1,Rishabh Choubey,Table API Integration on Member and Measure screen and other changes,Code Pushed,"{""num_commits"": 1}"
2025-11-21 08:02:19.711,,,enterprisecompass,25-5_Release_QA_Testing_AjinkyaG,d7f3a0e5b16282a026e8499df9b739deba3bf448,Ajinkya Girigosavi,"CPEHC-55131, CPEHC-55132, CPEHC-55133 - API for Report List at Down...",Code Pushed,"{""num_commits"": 1}"
2025-11-21 05:55:01.021,,,enterprisecompass,25-5_Release_QA_Testing_AjinkyaG,c2f906b236519408300e131a821aef0a59ec4179,Ajinkya Girigosavi,Merge branch '25_5_Release_QA_Testing_Sushant' into '25-5_Release_Q...,Initial Push,"{""num_commits"": 35}"
2025-11-20 14:08:01.998,,,enterprisecompass,25-5_Release_QA_Testing_VP_UI,ed5d7559c209b93b210914f851f79ebb58ee553c,38211,Download Tab - CPEHC-51841,Code Pushed,"{""num_commits"": 1}"
2025-11-20 12:17:03.700,,,enterprisecompass,25-5_Release_QA_Testing_Ajinkya,9ac0b5726da3e34d68ba36eafd70fd3b473bdc54,Shaishav Shah,resolved merge conflicts,Code Pushed,"{""num_commits"": 12}"
2025-11-20 11:45:09.200,,,enterprisecompass,25_5_Release_QA_Testing_Sushant,d9c159d843210b52fbd9cbc6a9e22209b2da6dc6,Shaishav Shah,resolved merge conflicts,Code Pushed,"{""num_commits"": 25}"
2025-11-20 10:39:27.401,,,enterprisecompass,25-5_Release_QA_Testing_RiddhiGhorui,56f65e2a2b346ca341b17f5129237ac903cb0402,Shaishav Shah,resolved merge conflicts,Code Pushed,"{""num_commits"": 1}"
2025-11-20 08:18:39.119,,,enterprisecompass,25-5_Release_QA_Testing_RiddhiGhorui,f0713e86d08d5e0eaacd3ec3f4e0cfacd78ef547,Shaishav Shah,resolved merge conflicts,Code Pushed,"{""num_commits"": 3}"
2025-11-19 14:09:16.951,,,enterprisecompass,25_5_Release_QA_Testing_Sushant,c08bf31aba035622066a3e075b86132326b705df,38401,CPEHC-51805 CPEHC-51848 Member Download for Quality and careNetwork,Code Pushed,"{""num_commits"": 3}"
2025-11-19 11:24:19.969,,,enterprisecompass,25-5_Release_QA_Testing_RiddhiGhorui,0448e40e3b7f622e4d3d04fb37bded6cbfdd756a,Riddhi,Added FilterPresetController and FilterPresetServiceImpl changes,Initial Push,"{""num_commits"": 11}"
2025-11-19 06:31:48.077,,,enterprisecompass,25-5_Release_QA_Testing_Ajinkya,cf41879b40a0c0cbfc07039682d40fd34afda246,Ajinkya Girigosavi,Report_List for Download Tab,Code Pushed,"{""num_commits"": 1}"
2025-11-18 14:11:48.380,,,enterprisecompass,25-5_Release_QA_Testing_Rishabh,6b743bde644eb425245bf97a8baf36414f5bac4f,Rishabh Choubey,Fixes for Member and Measure Screen,Code Pushed,"{""num_commits"": 5}"
2025-11-18 11:19:57.635,,,enterprisecompass,25-5_Release_QA_Testing_Abishek,9ea93baa792037d3ee0aa6e505e16cb4629d1bd2,36729,Download File for downloads screen,Code Pushed,"{""num_commits"": 1}"
2025-11-18 11:08:59.683,,,enterprisecompass,25-5_Release_QA_Testing_Abishek,d5166e1b528bfe94a434058a6f9b1c7539a08241,36729,Merge branch '25-5_Release_QA_Testing_Rishabh' of http://10.30.5.61...,Initial Push,"{""num_commits"": 56}"
2025-11-18 10:14:15.190,,,enterprisecompass,25-5_Release_QA_Testing_VP_UI,a723a7768f58a42c8d12b1d68b0431f0ff858ce7,38211,for download tab CPEHC-51841,Code Pushed,"{""num_commits"": 11}"
2025-11-18 09:52:42.805,,,enterprisecompass,25-5_Release_QA_Testing_Saikiran,86492c2a133539661dd6aa49ffc0a3cf9533b370,Saikiran Patakroad,save filter updated code,Code Pushed,"{""num_commits"": 1}"
2025-11-14 04:15:36.167,,,enterprisecompass,25-5_Release_QA_Testing_JayPrakash2,64524f80d08a1a9798bffe4eb45bc46efaac691e,38225,Delete settings.json,Code Pushed,"{""num_commits"": 1}"
2025-11-14 04:13:32.855,,,enterprisecompass,25-5_Release_QA_Testing_JayPrakash2,3336521f612aee29a41a7833e0456d06bb9dd9a0,38225,Delete vcs.xml,Code Pushed,"{""num_commits"": 1}"
2025-11-14 04:10:53.763,,,enterprisecompass,25-5_Release_QA_Testing_JayPrakash2,7aaab2355167a8be2afdd6223d881271f12ed84b,38225,Update SonarQube and Test as cases as per the new Code,Code Pushed,"{""num_commits"": 1}"
2025-11-13 11:08:42.847,,,enterprisecompass,25-5_Release_QA_Testing_JayPrakash2,079e412417b9ff1ed99c0322893a738f6998bf91,38225,solving merge conflits,Code Pushed,"{""num_commits"": 1}"
2025-11-13 10:06:33.459,,,enterprisecompass,25-5_Release_QA_Testing_JayPrakash2,69711e35a142db482ac4f728979604170055974a,38225,SonarQube Issue resolved,Code Pushed,"{""num_commits"": 1}"
2025-11-12 11:05:40.239,,,enterprisecompass,25-5_Release_QA_Testing_JayPrakash2,4ee06e3d15f8e65af3958f03d07b01d28e6bb550,38225,Some changes in the Test Files for Save and Preset Filter,Code Pushed,"{""num_commits"": 1}"
2025-11-11 12:16:41.539,,,enterprisecompass,25-5_Release_QA_Testing_JayPrakash2,c947fbb0cfad2d26004c549854d67593c6a41e60,38225,Update Test case for Save and Preset Filter,Code Pushed,"{""num_commits"": 1}"
2025-11-11 11:22:02.273,,,enterprisecompass,25-5_Release_QA_Testing_Saikiran,39fe5146cea187a500959cd544abaee103d66051,Saikiran Patakroad,download configurable and saved filter API change,Code Pushed,"{""num_commits"": 1}"
2025-11-11 10:47:01.169,,,enterprisecompass,25-5_Release_QA_Testing_ShreyasJ,2d72b9b210d23b9289b7442b056d268443669110,32460,Merge branch '25-5_Release_QA_Testing_RiddhiGhorui' into '25-5_Rele...,Initial Push,"{""num_commits"": 25}"
2025-11-11 10:44:19.280,,,enterprisecompass,25-5_Release_QA_Testing_JayPrakash2,8e9a6bbc2a100cf824aa04168628fde2c709ec44,38225,Test Files Upload,Code Pushed,"{""num_commits"": 11}"
2025-11-11 07:46:37.683,,,enterprisecompass,25-5_Release_QA_Testing_RiddhiGhorui,ec76242ba7867e989a78de1e6d229e5e91a32ad5,Shaishav Shah,Branch Deleted to 25-5_Release_QA_Testing_RiddhiGhorui,Branch Deleted,
2025-11-11 05:45:20.609,,,enterprisecompass,25-5_Release_QA_Testing_Rishabh,09fd371a85fdc88fdd2ff3ac04a7586d7deb0141,Rishabh Choubey,CPEHC-48077 Quality Member report Enrollment Status Dropdown,Code Pushed,"{""num_commits"": 1}"
2025-11-11 05:29:21.392,,,enterprisecompass,25-5_Release_QA_Testing_Saikiran,b7884326b3f05e005c4b126ff5d7c2625cd0c0ac,Saikiran Patakroad,Secondary filter issue and dashboard charts with filter,Code Pushed,"{""num_commits"": 2}"
2025-11-10 11:39:46.317,,,enterprisecompass,25-5_Release_QA_Testing_RiddhiGhorui,0448e40e3b7f622e4d3d04fb37bded6cbfdd756a,Riddhi,Added FilterPresetController and FilterPresetServiceImpl changes,Initial Push,"{""num_commits"": 11}"
2025-11-10 06:21:18.244,,,enterprisecompass,25-5_Release_QA_Testing_Ajinkya,4fe10749b5fe68faf151a5a486a56c06f71afcdb,Ajinkya Girigosavi,Merge branch '25-5_Release_QA_Testing_RiddhiGhorui' into '25-5_Rele...,Initial Push,"{""num_commits"": 21}"
2025-11-10 04:44:18.019,,,enterprisecompass,25-5_Release_QA_Testing_JayPrakash2,3341569dc74f956615700ab396ebb34c701fbbe1,38225,"Latest Test Cases Committed for Select Column, Primary Filter and A...",Code Pushed,"{""num_commits"": 1}"
2025-11-08 12:12:53.092,,,enterprisecompass,25-5_Release_QA_Testing_RiddhiGhorui,0436aed2f3efb4145da3e9fe42a6b8fb0c6779d7,Shaishav Shah,Branch Deleted to 25-5_Release_QA_Testing_RiddhiGhorui,Branch Deleted,
2025-11-08 12:12:40.129,,,enterprisecompass,25-5_Release_QA_Testing_RiddhiGhorui,0436aed2f3efb4145da3e9fe42a6b8fb0c6779d7,Shaishav Shah,resolved merge conflicts,Code Pushed,"{""num_commits"": 10}"
2025-11-07 07:16:36.452,,,enterprisecompass,25-5_Release_QA_Testing_RiddhiGhorui,a1eb9d7b02efa8393017168c4d92778014e4b2c4,Riddhi,Add .idea to .gitignore,Code Pushed,"{""num_commits"": 1}"
2025-11-07 06:40:26.548,,,enterprisecompass,25-5_Release_QA_Testing_JayPrakash2,f536158bb85364216b09d86a40e38e06b85a9068,38225,"Latest Test Cases Committed for Select Column, Primary Filter and A...",Code Pushed,"{""num_commits"": 1}"
2025-11-07 06:14:25.835,,,enterprisecompass,25-5_Release_QA_Testing_JayPrakash,b58e19b5ec85209ecd1300298af4206609fc1990,38225,Branch Deleted to 25-5_Release_QA_Testing_JayPrakash,Branch Deleted,
2025-11-06 14:49:19.703,,,enterprisecompass,25-5_Release_QA_Testing_JayPrakash2,35719abccf37180bbf67fe2348d2ed58849163e8,38225,"Latest Test Cases Committed for Select Column, Primary Filter and A...",Code Pushed,"{""num_commits"": 1}"
2025-11-05 14:03:02.405,,,enterprisecompass,25-5_Release_QA_Testing_Saikiran,63f24f49ff8a09f17c14e2b0da3239f871702a16,Saikiran Patakroad,multi-select issue resolved,Code Pushed,"{""num_commits"": 1}"
2025-11-05 10:30:24.747,,,enterprisecompass,25-5_Release_QA_Testing_Rishabh,d7c28aebc892a05ceda636f2a12aac310db05fdc,Rishabh Choubey,Commit to resolve error message,Code Pushed,"{""num_commits"": 1}"
2025-11-05 09:41:51.504,,,enterprisecompass,25-5_Release_QA_Testing_Saikiran,13160297206285e245c952825b5cdd36794bf7e3,Saikiran Patakroad,Fix : Auto select issue resolved,Code Pushed,"{""num_commits"": 1}"
2025-11-05 09:28:08.183,,,enterprisecompass,25-5_Release_QA_Testing_Saikiran,0566a89857d3c1b4db30aaa99a3a78a0dd726df0,Saikiran Patakroad,save filter Dialog  and filter chnages,Code Pushed,"{""num_commits"": 2}"
2025-11-04 12:49:25.467,,,enterprisecompass,25-5_Release_QA_Testing_JayPrakash2,3ec3c2302b40d4a39b85a35b5133aeb3d842e6d5,38225,CPEHC-51701 Select Filter Columns on Enterprise Compass for Measure...,Code Pushed,"{""num_commits"": 1}"
2025-11-04 06:24:47.795,,,enterprisecompass,25-5_Release_QA_Testing_Rishabh,e251e3933a5afb7c1c7809895ca835dde2183620,Rishabh Choubey,CPEHC-48077 Additional Filters in Care Network Measure Report Chang...,Code Pushed,"{""num_commits"": 1}"
2025-11-04 05:53:14.026,,,enterprisecompass,25-5_Release_QA_Testing_Rishabh,6c532ed77a1762fc1def1e99ff3c50d6dcd5477b,Rishabh Choubey,CPEHC-48077 Additional Filters in Care Network Measure Report Chang...,Code Pushed,"{""num_commits"": 8}"
2025-11-03 15:23:02.669,,,enterprisecompass,25-5_Release_QA_Testing_JayPrakash2,c96edef2477ad2c7427154fac230fdd7ca4a9807,38225,CPEHC-51701 Select Filter Columns on Enterprise Compass for Measure...,Code Pushed,"{""num_commits"": 10}"
2025-11-03 14:00:29.669,,,enterprisecompass,25-5_Release_QA_Testing_JayPrakash2,f503a1aca4fd2e4fe89c476ac60f509b0b77e05d,38225,CPEHC-51701 Select Filter Columns on Enterprise Compass for Measure...,Code Pushed,"{""num_commits"": 1}"
2025-11-03 13:50:56.645,,,enterprisecompass,25-5_Release_QA_Testing_RiddhiGhorui,aa76809f8ea7d27bee4e09a6ac0b11a80a4d538c,Riddhi,implemented save filter preset API updated response handeling,Code Pushed,"{""num_commits"": 1}"
2025-11-03 13:02:13.305,,,enterprisecompass,25-5_Release_QA_Testing_JayPrakash,b58e19b5ec85209ecd1300298af4206609fc1990,38225,Merge branch '25-5_Release_QA_Testing_shaishav' into '25-5_Release_...,Initial Push,"{""num_commits"": 13}"
2025-11-03 12:29:18.560,,,enterprisecompass,25-5_Release_QA_Testing_JayPrakash2,bb28648c53f3c73fad1b7094f0f53a7b949777c6,38225,Resolved merge conflicts after stash pop,Code Pushed,"{""num_commits"": 3}"
2025-11-03 11:19:01.443,,,enterprisecompass,25-5_Release_QA_Testing_Saikiran,4b8fc9bf62f431df49e5cdec92b557ed9c02af81,Saikiran Patakroad,table and select column API integration,Code Pushed,"{""num_commits"": 1}"
2025-11-03 06:53:42.737,,,enterprisecompass,25-5_Release_QA_Testing_shaishav,33ffc420656fcffba9fa429d494f812027c9bec0,Shaishav Shah,Hierarchy values related changes,Code Pushed,"{""num_commits"": 2}"
2025-10-31 16:41:13.655,,,enterprisecompass,25-5_Release_QA_Testing_Saikiran,ba075f4d9e874d7c0066879f3f4a0994848d0d9b,Saikiran Patakroad,Fix: multi-select issue and breadcrumb integration completed,Code Pushed,"{""num_commits"": 1}"
2025-10-31 14:12:05.077,,,enterprisecompass,25-5_Release_QA_Testing_Saikiran,e29ab2b95505435a2da04cc6c8c4f42e16443145,Saikiran Patakroad,tabs added to filter out the rabc access,Code Pushed,"{""num_commits"": 2}"
2025-10-31 10:08:41.635,,,enterprisecompass,25-5_Release_QA_Testing_Saikiran,f5ee60fae89b54bc8877f27ede45e5d3183b5c62,Saikiran Patakroad,WIP: Table integration wip,Code Pushed,"{""num_commits"": 1}"
2025-10-31 07:08:15.455,,,enterprisecompass,25-5_Release_QA_Testing_VP_UI,dabf4956ac8582d79e2bdfd59607c85bf922930c,38211,CPEHC-51474 - RBAC,Code Pushed,"{""num_commits"": 2}"
2025-10-31 02:10:36.825,,,enterprisecompass,25-5_Release_QA_Testing_shaishav,c016880c314342b604c2ef3bed43f34f1aff414e,Shaishav Shah,download template changes and one click related changes,Code Pushed,"{""num_commits"": 1}"
2025-10-30 16:53:44.922,,,enterprisecompass,25-5_Release_QA_Testing_Saikiran,9e852d33859d5287c814d269e2a7f9a698fb1007,Saikiran Patakroad,"Fix: ""all"" label add in the multi select dropdown",Code Pushed,"{""num_commits"": 1}"
2025-10-30 15:53:13.734,,,enterprisecompass,25-5_Release_QA_Testing_Rishabh,2cf18d26640f6e34a8a159ee39de661bc894f576,Rishabh Choubey,CPEHC-48077 Additional Filters in Care Network Measure Report Chang...,Code Pushed,"{""num_commits"": 1}"
2025-10-30 15:17:25.047,,,enterprisecompass,25-5_Release_QA_Testing_Saikiran,ff54a65b9fe68a21d38071cb25f7672e6ee61972,Saikiran Patakroad,updated measure report .json file,Code Pushed,"{""num_commits"": 1}"
2025-10-30 14:49:25.107,,,enterprisecompass,25-5_Release_QA_Testing_Saikiran,29eec2a02458445f2c93b3189c30ea5edc0e50f3,Saikiran Patakroad,console.log added in dynamic -content  file,Code Pushed,"{""num_commits"": 1}"
2025-10-30 14:41:49.385,,,enterprisecompass,25-5_Release_QA_Testing_Saikiran,51890619ab8679269397dc556b46b06cb498da84,Saikiran Patakroad,Fix: OnChanges triggers in child components for the secondary filters,Code Pushed,"{""num_commits"": 2}"
2025-10-30 14:30:21.244,,,enterprisecompass,25-5_Release_QA_Testing_Rishabh,5947a2ca7e635857ef4aae4578d478ef21f13cd8,Rishabh Choubey,CPEHC-48077 Additional Filters in Care Network Measure Report Changes,Code Pushed,"{""num_commits"": 2}"
2025-10-30 14:18:22.409,,,enterprisecompass,25-5_Release_QA_Testing_Rishabh,823877a7dbf94c2ac7559097f5de92bd6deb4bbb,Rishabh Choubey,CPEHC-48077 Additional Filters in Care Network Measure Repor 2ndt,Code Pushed,"{""num_commits"": 1}"
2025-10-30 11:57:32.745,,,enterprisecompass,25-5_Release_QA_Testing_Saikiran,8d7d0cf6cd20d900ea4641fed4f650055461fce3,Saikiran Patakroad,Issue:- change in the request body for the secondary filters.,Code Pushed,"{""num_commits"": 1}"
2025-10-29 13:54:16.311,,,enterprisecompass,25-5_Release_QA_Testing_Saikiran,2361b5e8f5901a3bc8497f6a64df08cdba2b1e59,Saikiran Patakroad,breadcrumb API call and filer dependsOn property added and PIE char...,Code Pushed,"{""num_commits"": 1}"
2025-10-29 06:56:58.751,,,enterprisecompass,25-5_Release_QA_Testing_Saikiran,b3628d3947cbec85448980ac8dda704ce5e22054,Saikiran Patakroad,Merge branch '25-5_Release_QA_Testing_Rishabh' into '25-5_Release_Q...,Initial Push,"{""num_commits"": 11}"
2025-10-28 06:48:25.032,,,enterprisecompass,25-5_Release_QA_Testing_VP_UI,b3628d3947cbec85448980ac8dda704ce5e22054,38211,Merge branch '25-5_Release_QA_Testing_Rishabh' into '25-5_Release_Q...,Initial Push,"{""num_commits"": 11}"
2025-10-28 01:29:28.420,,,enterprisecompass,25-5_Release_QA_Testing_shaishav,b3628d3947cbec85448980ac8dda704ce5e22054,Shaishav Shah,Merge branch '25-5_Release_QA_Testing_Rishabh' into '25-5_Release_Q...,Initial Push,"{""num_commits"": 11}"
2025-10-27 13:40:49.791,,,enterprisecompass,25-5_Release_QA_Testing_Rishabh,e795d3a745bb8bdb7a01af1fc96af596ad268a60,Rishabh Choubey,CPEHC-51474 API Integration for Primary filters,Code Pushed,"{""num_commits"": 4}"
2025-10-24 08:23:46.296,,,enterprisecompass,25-5_Release_QA_Testing_Rishabh,50a9f2f1e1aa2ed31d85be0e16c466d16a5684d6,Rishabh Choubey,Merge branch '25-5_Release_QA_Testing_Devanand' into '25-5_Release_...,Initial Push,"{""num_commits"": 6}"
2025-10-23 10:14:38.308,,,enterprisecompass,25-5_Release_QA_Testing_Devanand,eaf824190d80a7a91605f851555871d9f8a6b9d2,38695,CPEHC-43999: Additional Filters in Quality Measure Report,Code Pushed,"{""num_commits"": 1}"
2025-10-21 06:16:54.455,,,enterprisecompass,25_5_Release_QA_Testing_38401,076434eed7b7efb07d7e8c40ef9799217cec6cb8,38401,Branch Deleted to 25_5_Release_QA_Testing_38401,Branch Deleted,
2025-10-20 04:15:11.860,,,enterprisecompass,25_5_Release_QA_Testing_Sushant,50a9f2f1e1aa2ed31d85be0e16c466d16a5684d6,38401,Merge branch '25-5_Release_QA_Testing_Devanand' into '25-5_Release_...,Initial Push,"{""num_commits"": 6}"
2025-10-17 20:53:36.066,,,enterprisecompass,25-5_Release_QA_Testing_Devanand,08de2b1336b745394a57acf2cc703c3a97b753fc,38695,CPEHC-51474: Primary Filters Across Reports in Enterprise Compass,Initial Push,"{""num_commits"": 5}"
2025-10-17 16:03:43.196,,,enterprisecompass,25-5_Release_QA_Testing_Devanand,08de2b1336b745394a57acf2cc703c3a97b753fc,38695,Branch Deleted to 25-5_Release_QA_Testing_Devanand,Branch Deleted,
2025-10-17 13:00:18.982,,,enterprisecompass,25-5_Release_QA_Testing_Devanand,08de2b1336b745394a57acf2cc703c3a97b753fc,38695,CPEHC-51474: Primary Filters Across Reports in Enterprise Compass,Code Pushed,"{""num_commits"": 1}"
2025-10-09 06:40:48.415,,,enterprisecompass,25-5_Release_QA_Testing_AnkitSawant,3006b1312c4b730a305b1baca2ba87d39ecc1df6,38082,Merge remote-tracking branch 'origin/25-5_Release_QA_Testing' into ...,Code Pushed,"{""num_commits"": 2}"
2025-10-08 12:37:12.537,,,enterprisecompass,25-5_Release_QA_Testing_Devanand,3006b1312c4b730a305b1baca2ba87d39ecc1df6,38695,Merge remote-tracking branch 'origin/25-5_Release_QA_Testing' into ...,Initial Push,"{""num_commits"": 4}"
2025-10-06 10:38:11.732,,,enterprisecompass,25-5_Release_QA_Testing_Sangamesh,3006b1312c4b730a305b1baca2ba87d39ecc1df6,38083,Merge remote-tracking branch 'origin/25-5_Release_QA_Testing' into ...,Initial Push,"{""num_commits"": 4}"
2025-10-06 10:37:22.141,,,enterprisecompass,25-5_Release_QA_Testing_Sangamesh,d6fbf7157d48b53baaeedb380d52a79200490a72,38083,Branch Deleted to 25-5_Release_QA_Testing_Sangamesh,Branch Deleted,
2025-10-06 10:34:58.476,,,enterprisecompass,25-5_Release_QA_Testing_Sangamesh,d6fbf7157d48b53baaeedb380d52a79200490a72,38083,Initial Push to 25-5_Release_QA_Testing_Sangamesh,Initial Push,"{""num_commits"": 0}"
2025-10-06 10:34:14.417,,,enterprisecompass,25-5_Release_QA_Testing_Sangamesh,37d11fe2b40adc8246edc84075820bef5cdcdd4f,38083,Branch Deleted to 25-5_Release_QA_Testing_Sangamesh,Branch Deleted,
2025-10-06 07:45:35.902,,,enterprisecompass,25-5_Release_QA_Testing_JayPrakash,f81487cb85181aee3b455d8feece19e5348d35a8,38225,Branch Deleted to 25-5_Release_QA_Testing_JayPrakash,Branch Deleted,
2025-10-06 07:09:01.867,,,enterprisecompass,25-5_Release_QA_Testing_JayPrakash2,3006b1312c4b730a305b1baca2ba87d39ecc1df6,38225,Merge remote-tracking branch 'origin/25-5_Release_QA_Testing' into ...,Initial Push,"{""num_commits"": 4}"
2025-10-06 07:04:51.677,,,enterprisecompass,25-5_Release_QA_Testing,3006b1312c4b730a305b1baca2ba87d39ecc1df6,38225,Merge remote-tracking branch 'origin/25-5_Release_QA_Testing' into ...,Code Pushed,"{""num_commits"": 2}"
2025-10-06 05:34:34.249,,,enterprisecompass,25-5_Release_QA_Testing_Ankit,33cedaade066c48b32397c8392c05b3910a6dfaa,38082,Branch Deleted to 25-5_Release_QA_Testing_Ankit,Branch Deleted,
2025-10-06 05:34:21.564,,,enterprisecompass,25-5_Release_QA_Testing_AnkitTesting,d6fbf7157d48b53baaeedb380d52a79200490a72,38082,Branch Deleted to 25-5_Release_QA_Testing_AnkitTesting,Branch Deleted,
2025-10-06 04:47:42.321,,,enterprisecompass,25-5_Release_QA_Testing_Sangamesh,37d11fe2b40adc8246edc84075820bef5cdcdd4f,38083,merge request successfully,Code Pushed,"{""num_commits"": 1}"
2025-10-06 04:25:03.292,,,enterprisecompass,25_5_Release_QA_Testing_38401,076434eed7b7efb07d7e8c40ef9799217cec6cb8,38401,Your Merge Request Successfully,Code Pushed,"{""num_commits"": 1}"
2025-10-06 03:55:21.794,,,enterprisecompass,25-5_Release_QA_Testing_JayPrakash,f81487cb85181aee3b455d8feece19e5348d35a8,38225,merging branches,Code Pushed,"{""num_commits"": 1}"
2025-10-05 05:47:16.275,,,enterprisecompass,25-5_Release_QA_Testing_RiddhiGhorui,00683279a2f5ae26c935cbd0609e6bc48e45babf,Riddhi,inital commit for Enteprise Compass,Initial Push,"{""num_commits"": 2}"
2025-10-05 05:46:08.497,,,enterprisecompass,25-5_Release_QA_Testing_RiddhiG,669f54446b91f32f91b7644db1d01845b5ea1131,Riddhi,Branch Deleted to 25-5_Release_QA_Testing_RiddhiG,Branch Deleted,
2025-10-03 14:18:13.188,,,enterprisecompass,25-5_Release_QA_Testing_AnkitSawant,00683279a2f5ae26c935cbd0609e6bc48e45babf,38082,inital commit for Enteprise Compass,Initial Push,"{""num_commits"": 2}"
2025-10-03 11:00:29.019,,,enterprisecompass,25-5_Release_QA_Testing,00683279a2f5ae26c935cbd0609e6bc48e45babf,Shaishav Shah,inital commit for Enteprise Compass,Code Pushed,"{""num_commits"": 1}"
2025-10-03 09:38:05.403,,,enterprisecompass,25-5_Release_QA_Testing_AnkitTesting,d6fbf7157d48b53baaeedb380d52a79200490a72,38082,Initial Push to 25-5_Release_QA_Testing_AnkitTesting,Initial Push,"{""num_commits"": 0}"
2025-10-03 08:14:55.427,,,enterprisecompass,25-5_Release_QA_Testing_Ankit,33cedaade066c48b32397c8392c05b3910a6dfaa,38082,This is the new changes for deployment,Code Pushed,"{""num_commits"": 1}"
2025-09-30 13:09:29.758,,,enterprisecompass,25_5_Release_QA_38401,669f54446b91f32f91b7644db1d01845b5ea1131,38401,Branch Deleted to 25_5_Release_QA_38401,Branch Deleted,
2025-09-30 13:01:03.645,,,enterprisecompass,25_5_Release_QA_Testing_38401,669f54446b91f32f91b7644db1d01845b5ea1131,38401,initial commit,Initial Push,"{""num_commits"": 1}"
2025-09-29 09:48:47.649,,,enterprisecompass,25-5_Release_QA_Testing_Ankit,669f54446b91f32f91b7644db1d01845b5ea1131,38082,initial commit,Initial Push,"{""num_commits"": 1}"
2025-09-29 08:21:01.885,,,enterprisecompass,25_5_Release_QA_38401,669f54446b91f32f91b7644db1d01845b5ea1131,38401,initial commit,Initial Push,"{""num_commits"": 1}"
2025-09-29 08:05:08.078,,,enterprisecompass,25-5_Release_QA_Testing_VivekPoddar,669f54446b91f32f91b7644db1d01845b5ea1131,38211,initial commit,Initial Push,"{""num_commits"": 1}"
2025-09-29 07:52:53.191,,,enterprisecompass,25-5_Release_QA_Testing_Sangamesh,669f54446b91f32f91b7644db1d01845b5ea1131,38083,initial commit,Initial Push,"{""num_commits"": 1}"
2025-09-29 07:52:41.754,,,enterprisecompass,25-5_Release_QA_Testing_RiddhiG,669f54446b91f32f91b7644db1d01845b5ea1131,Riddhi,initial commit,Initial Push,"{""num_commits"": 1}"
2025-09-29 07:48:29.185,,,enterprisecompass,25-5_Release_QA_Testing_JayPrakash,669f54446b91f32f91b7644db1d01845b5ea1131,38225,initial commit,Initial Push,"{""num_commits"": 1}"
2025-09-29 07:30:52.636,,,enterprisecompass,25-5_Release_QA_Testing_RC,669f54446b91f32f91b7644db1d01845b5ea1131,Rishabh Choubey,initial commit,Initial Push,"{""num_commits"": 1}"
2025-09-26 09:49:14.918,,,enterprisecompass,25-2_Release_QA_Testing,d6fbf7157d48b53baaeedb380d52a79200490a72,Shaishav Shah,Branch Deleted to 25-2_Release_QA_Testing,Branch Deleted,
2025-09-26 08:11:12.804,,,enterprisecompass,25-5_Release_QA_Testing,669f54446b91f32f91b7644db1d01845b5ea1131,Shaishav Shah,initial commit,Code Pushed,"{""num_commits"": 1}"
2025-09-26 08:02:46.415,,,enterprisecompass,25-5_Release_QA_Testing,d6fbf7157d48b53baaeedb380d52a79200490a72,Shaishav Shah,Initial Push to 25-5_Release_QA_Testing,Initial Push,"{""num_commits"": 0}"
2025-09-26 07:04:22.791,,,enterprisecompass,25-2_Release_QA_Testing,d6fbf7157d48b53baaeedb380d52a79200490a72,Shaishav Shah,Initial Push to 25-2_Release_QA_Testing,Initial Push,"{""num_commits"": 0}"
2025-09-26 07:03:43.411,,,enterprisecompass,Development,d6fbf7157d48b53baaeedb380d52a79200490a72,Shaishav Shah,Initial Push to Development,Initial Push,"{""num_commits"": 0}"
2025-09-24 07:27:51.434,,,enterprisecompass,ReleaseBranch,d6fbf7157d48b53baaeedb380d52a79200490a72,Amit More,Branch Deleted to ReleaseBranch,Branch Deleted,
2025-09-24 07:27:12.691,,,enterprisecompass,ReleaseBranch,d6fbf7157d48b53baaeedb380d52a79200490a72,Amit More,Initial Push to ReleaseBranch,Initial Push,"{""num_commits"": 0}"
2025-09-24 07:22:02.540,,,enterprisecompass,main,d6fbf7157d48b53baaeedb380d52a79200490a72,Amit More,Initial commit,Initial Push,"{""num_commits"": 1}"
